row_id,attacker_model,dataset,attack_type,victim_model,attack_method,similarity
0,ArcFace,lfw_pairs,impersonation_attack,ArcFace,ATT,0.5405241961379335
32,ArcFace,lfw_pairs,impersonation_attack,ArcFace,ATT,0.4259664792476791
48,ArcFace,lfw_pairs,impersonation_attack,ArcFace,ATT,0.46134970279291143
57,ArcFace,lfw_pairs,impersonation_attack,ArcFace,ATT,0.4367210122796984
60,ArcFace,lfw_pairs,impersonation_attack,ArcFace,ATT,0.6478608794070649
2,ArcFace,celeba_pairs,impersonation_attack,ArcFace,ATT,0.7160221075654439
8,ArcFace,celeba_pairs,impersonation_attack,ArcFace,ATT,0.6689629297926878
12,ArcFace,celeba_pairs,impersonation_attack,ArcFace,ATT,0.5902378826107038
26,ArcFace,celeba_pairs,impersonation_attack,ArcFace,ATT,0.38586420837209834
34,ArcFace,celeba_pairs,impersonation_attack,ArcFace,ATT,0.652425751725349
3,ArcFace,vggface2_pairs,impersonation_attack,ArcFace,ATT,0.7532853554379074
5,ArcFace,vggface2_pairs,impersonation_attack,ArcFace,ATT,0.5056539723540374
17,ArcFace,vggface2_pairs,impersonation_attack,ArcFace,ATT,0.7566011096658395
19,ArcFace,vggface2_pairs,impersonation_attack,ArcFace,ATT,0.574612078800217
21,ArcFace,vggface2_pairs,impersonation_attack,ArcFace,ATT,0.5431074529960882
6,ArcFace,lfw_pairs,dodging_attack,ArcFace,ATT,0.06056384249390655
9,ArcFace,lfw_pairs,dodging_attack,ArcFace,ATT,0.2263962123539684
15,ArcFace,lfw_pairs,dodging_attack,ArcFace,ATT,-0.018549004842569387
16,ArcFace,lfw_pairs,dodging_attack,ArcFace,ATT,0.04558313308893796
23,ArcFace,lfw_pairs,dodging_attack,ArcFace,ATT,0.12062092608169764
18,ArcFace,celeba_pairs,dodging_attack,ArcFace,ATT,0.0807570953006406
27,ArcFace,celeba_pairs,dodging_attack,ArcFace,ATT,0.21284823924718244
28,ArcFace,celeba_pairs,dodging_attack,ArcFace,ATT,0.08878555588236978
30,ArcFace,celeba_pairs,dodging_attack,ArcFace,ATT,-0.11561496014562361
33,ArcFace,celeba_pairs,dodging_attack,ArcFace,ATT,0.21585624482423088
1,ArcFace,vggface2_pairs,dodging_attack,ArcFace,ATT,-0.12117433372322436
4,ArcFace,vggface2_pairs,dodging_attack,ArcFace,ATT,-0.2238444116887981
7,ArcFace,vggface2_pairs,dodging_attack,ArcFace,ATT,0.020091942639858414
10,ArcFace,vggface2_pairs,dodging_attack,ArcFace,ATT,0.32959984154639665
11,ArcFace,vggface2_pairs,dodging_attack,ArcFace,ATT,-0.008700112602318805
0,Facenet512,lfw_pairs,impersonation_attack,ArcFace,ATT,0.2926272768391841
32,Facenet512,lfw_pairs,impersonation_attack,ArcFace,ATT,0.13795304566434888
48,Facenet512,lfw_pairs,impersonation_attack,ArcFace,ATT,0.15002382295181393
57,Facenet512,lfw_pairs,impersonation_attack,ArcFace,ATT,0.2784533083075033
60,Facenet512,lfw_pairs,impersonation_attack,ArcFace,ATT,0.1566835999131303
2,Facenet512,celeba_pairs,impersonation_attack,ArcFace,ATT,0.39203635610652554
8,Facenet512,celeba_pairs,impersonation_attack,ArcFace,ATT,0.31097432962286486
12,Facenet512,celeba_pairs,impersonation_attack,ArcFace,ATT,0.3834602350761482
26,Facenet512,celeba_pairs,impersonation_attack,ArcFace,ATT,0.09759016980606416
34,Facenet512,celeba_pairs,impersonation_attack,ArcFace,ATT,0.399779107202192
3,Facenet512,vggface2_pairs,impersonation_attack,ArcFace,ATT,0.25855774815898463
5,Facenet512,vggface2_pairs,impersonation_attack,ArcFace,ATT,0.12315863583829592
17,Facenet512,vggface2_pairs,impersonation_attack,ArcFace,ATT,0.5646550569571274
19,Facenet512,vggface2_pairs,impersonation_attack,ArcFace,ATT,0.4591743371205404
21,Facenet512,vggface2_pairs,impersonation_attack,ArcFace,ATT,0.34178166109286184
6,Facenet512,lfw_pairs,dodging_attack,ArcFace,ATT,0.33987041274760726
9,Facenet512,lfw_pairs,dodging_attack,ArcFace,ATT,0.394584493416662
15,Facenet512,lfw_pairs,dodging_attack,ArcFace,ATT,0.3014993997825119
16,Facenet512,lfw_pairs,dodging_attack,ArcFace,ATT,0.3495499070803948
23,Facenet512,lfw_pairs,dodging_attack,ArcFace,ATT,0.23282505109787915
18,Facenet512,celeba_pairs,dodging_attack,ArcFace,ATT,0.4572444808441748
27,Facenet512,celeba_pairs,dodging_attack,ArcFace,ATT,0.5048224487295525
28,Facenet512,celeba_pairs,dodging_attack,ArcFace,ATT,0.39637841655047784
30,Facenet512,celeba_pairs,dodging_attack,ArcFace,ATT,0.3903170412063147
33,Facenet512,celeba_pairs,dodging_attack,ArcFace,ATT,0.5392020154539037
1,Facenet512,vggface2_pairs,dodging_attack,ArcFace,ATT,0.0996877561840327
4,Facenet512,vggface2_pairs,dodging_attack,ArcFace,ATT,0.07703081016395368
7,Facenet512,vggface2_pairs,dodging_attack,ArcFace,ATT,0.37380019859245267
10,Facenet512,vggface2_pairs,dodging_attack,ArcFace,ATT,0.6619768497595856
11,Facenet512,vggface2_pairs,dodging_attack,ArcFace,ATT,0.3892345687811258
0,GhostFaceNet,lfw_pairs,impersonation_attack,ArcFace,ATT,0.11178359275158081
32,GhostFaceNet,lfw_pairs,impersonation_attack,ArcFace,ATT,-0.07329947591749172
48,GhostFaceNet,lfw_pairs,impersonation_attack,ArcFace,ATT,0.10196802800877357
57,GhostFaceNet,lfw_pairs,impersonation_attack,ArcFace,ATT,0.24995363849564795
60,GhostFaceNet,lfw_pairs,impersonation_attack,ArcFace,ATT,-0.03712713526431134
2,GhostFaceNet,celeba_pairs,impersonation_attack,ArcFace,ATT,0.3460552251037047
8,GhostFaceNet,celeba_pairs,impersonation_attack,ArcFace,ATT,0.27431230911444393
12,GhostFaceNet,celeba_pairs,impersonation_attack,ArcFace,ATT,0.33884062332119014
26,GhostFaceNet,celeba_pairs,impersonation_attack,ArcFace,ATT,0.09651940245674538
34,GhostFaceNet,celeba_pairs,impersonation_attack,ArcFace,ATT,0.08831299407072395
3,GhostFaceNet,vggface2_pairs,impersonation_attack,ArcFace,ATT,0.23057026938305225
5,GhostFaceNet,vggface2_pairs,impersonation_attack,ArcFace,ATT,0.0745531727334474
17,GhostFaceNet,vggface2_pairs,impersonation_attack,ArcFace,ATT,0.2777996352409358
19,GhostFaceNet,vggface2_pairs,impersonation_attack,ArcFace,ATT,0.32709882123472833
21,GhostFaceNet,vggface2_pairs,impersonation_attack,ArcFace,ATT,0.26749473894194314
6,GhostFaceNet,lfw_pairs,dodging_attack,ArcFace,ATT,0.5057184461691611
9,GhostFaceNet,lfw_pairs,dodging_attack,ArcFace,ATT,0.483660604821126
15,GhostFaceNet,lfw_pairs,dodging_attack,ArcFace,ATT,0.4349144177825305
16,GhostFaceNet,lfw_pairs,dodging_attack,ArcFace,ATT,0.4931520992488819
23,GhostFaceNet,lfw_pairs,dodging_attack,ArcFace,ATT,0.44097164059112
18,GhostFaceNet,celeba_pairs,dodging_attack,ArcFace,ATT,0.5449435470740487
27,GhostFaceNet,celeba_pairs,dodging_attack,ArcFace,ATT,0.4862754688724794
28,GhostFaceNet,celeba_pairs,dodging_attack,ArcFace,ATT,0.4850853981385103
30,GhostFaceNet,celeba_pairs,dodging_attack,ArcFace,ATT,0.44505295506201603
33,GhostFaceNet,celeba_pairs,dodging_attack,ArcFace,ATT,0.5907765429322742
1,GhostFaceNet,vggface2_pairs,dodging_attack,ArcFace,ATT,0.35803190970273363
4,GhostFaceNet,vggface2_pairs,dodging_attack,ArcFace,ATT,0.08484909159859834
7,GhostFaceNet,vggface2_pairs,dodging_attack,ArcFace,ATT,0.4165031711663305
10,GhostFaceNet,vggface2_pairs,dodging_attack,ArcFace,ATT,0.7099448087936236
11,GhostFaceNet,vggface2_pairs,dodging_attack,ArcFace,ATT,0.2943169783017695
0,VGG-Face,lfw_pairs,impersonation_attack,ArcFace,ATT,0.2636800733462735
32,VGG-Face,lfw_pairs,impersonation_attack,ArcFace,ATT,0.17126450804247131
48,VGG-Face,lfw_pairs,impersonation_attack,ArcFace,ATT,0.10582993404046954
57,VGG-Face,lfw_pairs,impersonation_attack,ArcFace,ATT,0.2874522266254615
60,VGG-Face,lfw_pairs,impersonation_attack,ArcFace,ATT,0.29015208368646306
2,VGG-Face,celeba_pairs,impersonation_attack,ArcFace,ATT,0.4577320093593988
8,VGG-Face,celeba_pairs,impersonation_attack,ArcFace,ATT,0.4200110462396214
12,VGG-Face,celeba_pairs,impersonation_attack,ArcFace,ATT,0.339597577490878
26,VGG-Face,celeba_pairs,impersonation_attack,ArcFace,ATT,0.2717347745593487
34,VGG-Face,celeba_pairs,impersonation_attack,ArcFace,ATT,0.349171650003139
3,VGG-Face,vggface2_pairs,impersonation_attack,ArcFace,ATT,0.41463345207805175
5,VGG-Face,vggface2_pairs,impersonation_attack,ArcFace,ATT,0.08977474316516777
17,VGG-Face,vggface2_pairs,impersonation_attack,ArcFace,ATT,0.620421728070765
19,VGG-Face,vggface2_pairs,impersonation_attack,ArcFace,ATT,0.48369249721148544
21,VGG-Face,vggface2_pairs,impersonation_attack,ArcFace,ATT,0.31764917621899763
6,VGG-Face,lfw_pairs,dodging_attack,ArcFace,ATT,0.31254022342897664
9,VGG-Face,lfw_pairs,dodging_attack,ArcFace,ATT,0.37969492539457866
15,VGG-Face,lfw_pairs,dodging_attack,ArcFace,ATT,0.35991245132116145
16,VGG-Face,lfw_pairs,dodging_attack,ArcFace,ATT,0.0036941249380681492
23,VGG-Face,lfw_pairs,dodging_attack,ArcFace,ATT,0.1783060634677006
18,VGG-Face,celeba_pairs,dodging_attack,ArcFace,ATT,0.4450058099358083
27,VGG-Face,celeba_pairs,dodging_attack,ArcFace,ATT,0.43349404015642395
28,VGG-Face,celeba_pairs,dodging_attack,ArcFace,ATT,0.30065158475671566
30,VGG-Face,celeba_pairs,dodging_attack,ArcFace,ATT,0.33804625357424395
33,VGG-Face,celeba_pairs,dodging_attack,ArcFace,ATT,0.4470828029860194
1,VGG-Face,vggface2_pairs,dodging_attack,ArcFace,ATT,0.19784015838928012
4,VGG-Face,vggface2_pairs,dodging_attack,ArcFace,ATT,0.06364853337027772
7,VGG-Face,vggface2_pairs,dodging_attack,ArcFace,ATT,0.32245134568688777
10,VGG-Face,vggface2_pairs,dodging_attack,ArcFace,ATT,0.5990719476508838
11,VGG-Face,vggface2_pairs,dodging_attack,ArcFace,ATT,0.3443272170502549
0,ArcFace,lfw_pairs,impersonation_attack,Facenet512,ATT,0.5712248903548863
32,ArcFace,lfw_pairs,impersonation_attack,Facenet512,ATT,0.45289999773513856
48,ArcFace,lfw_pairs,impersonation_attack,Facenet512,ATT,-0.027031116657225365
57,ArcFace,lfw_pairs,impersonation_attack,Facenet512,ATT,0.4205301978689639
60,ArcFace,lfw_pairs,impersonation_attack,Facenet512,ATT,0.41121009624919347
2,ArcFace,celeba_pairs,impersonation_attack,Facenet512,ATT,0.3217830636401199
8,ArcFace,celeba_pairs,impersonation_attack,Facenet512,ATT,0.0653035113606781
12,ArcFace,celeba_pairs,impersonation_attack,Facenet512,ATT,0.2819074373334917
26,ArcFace,celeba_pairs,impersonation_attack,Facenet512,ATT,0.03717714407980087
34,ArcFace,celeba_pairs,impersonation_attack,Facenet512,ATT,0.35962126578601483
3,ArcFace,vggface2_pairs,impersonation_attack,Facenet512,ATT,0.1457340361238702
5,ArcFace,vggface2_pairs,impersonation_attack,Facenet512,ATT,-0.09365610807023537
17,ArcFace,vggface2_pairs,impersonation_attack,Facenet512,ATT,0.544333264106275
19,ArcFace,vggface2_pairs,impersonation_attack,Facenet512,ATT,-0.013576830223731929
21,ArcFace,vggface2_pairs,impersonation_attack,Facenet512,ATT,0.017473188829219624
6,ArcFace,lfw_pairs,dodging_attack,Facenet512,ATT,0.30469038207009963
9,ArcFace,lfw_pairs,dodging_attack,Facenet512,ATT,0.7991331909937841
15,ArcFace,lfw_pairs,dodging_attack,Facenet512,ATT,0.41211564680080753
16,ArcFace,lfw_pairs,dodging_attack,Facenet512,ATT,0.7572781991728045
23,ArcFace,lfw_pairs,dodging_attack,Facenet512,ATT,0.5902062526121545
18,ArcFace,celeba_pairs,dodging_attack,Facenet512,ATT,0.4651460662828811
27,ArcFace,celeba_pairs,dodging_attack,Facenet512,ATT,0.5202197296817123
28,ArcFace,celeba_pairs,dodging_attack,Facenet512,ATT,0.7679411061060905
30,ArcFace,celeba_pairs,dodging_attack,Facenet512,ATT,0.49411014507870343
33,ArcFace,celeba_pairs,dodging_attack,Facenet512,ATT,0.798262533830109
1,ArcFace,vggface2_pairs,dodging_attack,Facenet512,ATT,0.5155570775740971
4,ArcFace,vggface2_pairs,dodging_attack,Facenet512,ATT,0.236031895647111
7,ArcFace,vggface2_pairs,dodging_attack,Facenet512,ATT,0.501095701851977
10,ArcFace,vggface2_pairs,dodging_attack,Facenet512,ATT,0.7523914719632874
11,ArcFace,vggface2_pairs,dodging_attack,Facenet512,ATT,0.5762725063245726
0,Facenet512,lfw_pairs,impersonation_attack,Facenet512,ATT,0.7403171797309199
32,Facenet512,lfw_pairs,impersonation_attack,Facenet512,ATT,0.6876442152520968
48,Facenet512,lfw_pairs,impersonation_attack,Facenet512,ATT,0.4119412082769097
57,Facenet512,lfw_pairs,impersonation_attack,Facenet512,ATT,0.6626444669308972
60,Facenet512,lfw_pairs,impersonation_attack,Facenet512,ATT,0.6792603353486076
2,Facenet512,celeba_pairs,impersonation_attack,Facenet512,ATT,0.4302089568955399
8,Facenet512,celeba_pairs,impersonation_attack,Facenet512,ATT,0.5167136487092626
12,Facenet512,celeba_pairs,impersonation_attack,Facenet512,ATT,0.5242208749835482
26,Facenet512,celeba_pairs,impersonation_attack,Facenet512,ATT,0.17985425703036353
34,Facenet512,celeba_pairs,impersonation_attack,Facenet512,ATT,0.6614622616583953
3,Facenet512,vggface2_pairs,impersonation_attack,Facenet512,ATT,0.49790394394984794
5,Facenet512,vggface2_pairs,impersonation_attack,Facenet512,ATT,0.37600927011101637
17,Facenet512,vggface2_pairs,impersonation_attack,Facenet512,ATT,0.7459769279406483
19,Facenet512,vggface2_pairs,impersonation_attack,Facenet512,ATT,0.26113505008724053
21,Facenet512,vggface2_pairs,impersonation_attack,Facenet512,ATT,0.22889326075268307
6,Facenet512,lfw_pairs,dodging_attack,Facenet512,ATT,0.036732009546922344
9,Facenet512,lfw_pairs,dodging_attack,Facenet512,ATT,0.5891906860958698
15,Facenet512,lfw_pairs,dodging_attack,Facenet512,ATT,-0.0368205540437319
16,Facenet512,lfw_pairs,dodging_attack,Facenet512,ATT,0.5207877829811551
23,Facenet512,lfw_pairs,dodging_attack,Facenet512,ATT,0.24577463052053655
18,Facenet512,celeba_pairs,dodging_attack,Facenet512,ATT,0.03519739637881698
27,Facenet512,celeba_pairs,dodging_attack,Facenet512,ATT,0.14534189005554246
28,Facenet512,celeba_pairs,dodging_attack,Facenet512,ATT,0.4443753679555647
30,Facenet512,celeba_pairs,dodging_attack,Facenet512,ATT,-0.0014270794670644348
33,Facenet512,celeba_pairs,dodging_attack,Facenet512,ATT,0.5950955347659036
1,Facenet512,vggface2_pairs,dodging_attack,Facenet512,ATT,0.14802529980522175
4,Facenet512,vggface2_pairs,dodging_attack,Facenet512,ATT,-0.21816777757769726
7,Facenet512,vggface2_pairs,dodging_attack,Facenet512,ATT,0.24283810995637672
10,Facenet512,vggface2_pairs,dodging_attack,Facenet512,ATT,0.3827710191028534
11,Facenet512,vggface2_pairs,dodging_attack,Facenet512,ATT,-0.08773772534918418
0,GhostFaceNet,lfw_pairs,impersonation_attack,Facenet512,ATT,0.28148353592372716
32,GhostFaceNet,lfw_pairs,impersonation_attack,Facenet512,ATT,0.306173653336886
48,GhostFaceNet,lfw_pairs,impersonation_attack,Facenet512,ATT,-0.16272025034529064
57,GhostFaceNet,lfw_pairs,impersonation_attack,Facenet512,ATT,0.3375397712600976
60,GhostFaceNet,lfw_pairs,impersonation_attack,Facenet512,ATT,0.3169617443672942
2,GhostFaceNet,celeba_pairs,impersonation_attack,Facenet512,ATT,-0.004301258295344908
8,GhostFaceNet,celeba_pairs,impersonation_attack,Facenet512,ATT,0.22383318003956368
12,GhostFaceNet,celeba_pairs,impersonation_attack,Facenet512,ATT,0.2378569741411197
26,GhostFaceNet,celeba_pairs,impersonation_attack,Facenet512,ATT,-0.09789572028536356
34,GhostFaceNet,celeba_pairs,impersonation_attack,Facenet512,ATT,0.1469782961969891
3,GhostFaceNet,vggface2_pairs,impersonation_attack,Facenet512,ATT,0.037832152487003536
5,GhostFaceNet,vggface2_pairs,impersonation_attack,Facenet512,ATT,-0.0671079019065403
17,GhostFaceNet,vggface2_pairs,impersonation_attack,Facenet512,ATT,0.26533787223325916
19,GhostFaceNet,vggface2_pairs,impersonation_attack,Facenet512,ATT,-0.07211814327317104
21,GhostFaceNet,vggface2_pairs,impersonation_attack,Facenet512,ATT,-0.03217392367090596
6,GhostFaceNet,lfw_pairs,dodging_attack,Facenet512,ATT,0.5376819461947556
9,GhostFaceNet,lfw_pairs,dodging_attack,Facenet512,ATT,0.8197943473950845
15,GhostFaceNet,lfw_pairs,dodging_attack,Facenet512,ATT,0.4563694213325474
16,GhostFaceNet,lfw_pairs,dodging_attack,Facenet512,ATT,0.7967521072862181
23,GhostFaceNet,lfw_pairs,dodging_attack,Facenet512,ATT,0.6369947504301853
18,GhostFaceNet,celeba_pairs,dodging_attack,Facenet512,ATT,0.49077581528948894
27,GhostFaceNet,celeba_pairs,dodging_attack,Facenet512,ATT,0.6071169630510667
28,GhostFaceNet,celeba_pairs,dodging_attack,Facenet512,ATT,0.7210235443226267
30,GhostFaceNet,celeba_pairs,dodging_attack,Facenet512,ATT,0.43162827224573863
33,GhostFaceNet,celeba_pairs,dodging_attack,Facenet512,ATT,0.8376704528481241
1,GhostFaceNet,vggface2_pairs,dodging_attack,Facenet512,ATT,0.7490812156400656
4,GhostFaceNet,vggface2_pairs,dodging_attack,Facenet512,ATT,0.25229474998084545
7,GhostFaceNet,vggface2_pairs,dodging_attack,Facenet512,ATT,0.48635057993435404
10,GhostFaceNet,vggface2_pairs,dodging_attack,Facenet512,ATT,0.7530528007512126
11,GhostFaceNet,vggface2_pairs,dodging_attack,Facenet512,ATT,0.40848526042558414
0,VGG-Face,lfw_pairs,impersonation_attack,Facenet512,ATT,0.571620243360545
32,VGG-Face,lfw_pairs,impersonation_attack,Facenet512,ATT,0.4976553421707759
48,VGG-Face,lfw_pairs,impersonation_attack,Facenet512,ATT,0.035904296773063026
57,VGG-Face,lfw_pairs,impersonation_attack,Facenet512,ATT,0.49683378461246014
60,VGG-Face,lfw_pairs,impersonation_attack,Facenet512,ATT,0.5487566681592468
2,VGG-Face,celeba_pairs,impersonation_attack,Facenet512,ATT,0.2746141508056086
8,VGG-Face,celeba_pairs,impersonation_attack,Facenet512,ATT,0.25876290907955174
12,VGG-Face,celeba_pairs,impersonation_attack,Facenet512,ATT,0.4075550043192553
26,VGG-Face,celeba_pairs,impersonation_attack,Facenet512,ATT,0.13135536884724464
34,VGG-Face,celeba_pairs,impersonation_attack,Facenet512,ATT,0.6512007140179241
3,VGG-Face,vggface2_pairs,impersonation_attack,Facenet512,ATT,0.24949056625128893
5,VGG-Face,vggface2_pairs,impersonation_attack,Facenet512,ATT,0.2158269427727184
17,VGG-Face,vggface2_pairs,impersonation_attack,Facenet512,ATT,0.506307762946824
19,VGG-Face,vggface2_pairs,impersonation_attack,Facenet512,ATT,0.07753777624152741
21,VGG-Face,vggface2_pairs,impersonation_attack,Facenet512,ATT,0.07543738291930255
6,VGG-Face,lfw_pairs,dodging_attack,Facenet512,ATT,0.14417833958870627
9,VGG-Face,lfw_pairs,dodging_attack,Facenet512,ATT,0.7157446565718335
15,VGG-Face,lfw_pairs,dodging_attack,Facenet512,ATT,0.07523352603620113
16,VGG-Face,lfw_pairs,dodging_attack,Facenet512,ATT,0.06262356033117135
23,VGG-Face,lfw_pairs,dodging_attack,Facenet512,ATT,0.4491178544465341
18,VGG-Face,celeba_pairs,dodging_attack,Facenet512,ATT,0.2842190884553116
27,VGG-Face,celeba_pairs,dodging_attack,Facenet512,ATT,0.3657106639741524
28,VGG-Face,celeba_pairs,dodging_attack,Facenet512,ATT,0.4509660587834833
30,VGG-Face,celeba_pairs,dodging_attack,Facenet512,ATT,0.11489073397598804
33,VGG-Face,celeba_pairs,dodging_attack,Facenet512,ATT,0.6387789150638569
1,VGG-Face,vggface2_pairs,dodging_attack,Facenet512,ATT,-0.0495532006857237
4,VGG-Face,vggface2_pairs,dodging_attack,Facenet512,ATT,0.061783747609573815
7,VGG-Face,vggface2_pairs,dodging_attack,Facenet512,ATT,0.26811187480581394
10,VGG-Face,vggface2_pairs,dodging_attack,Facenet512,ATT,0.48844078598271784
11,VGG-Face,vggface2_pairs,dodging_attack,Facenet512,ATT,-0.03210868150824922
0,ArcFace,lfw_pairs,impersonation_attack,GhostFaceNet,ATT,0.13283142705754278
32,ArcFace,lfw_pairs,impersonation_attack,GhostFaceNet,ATT,0.12902177884529364
48,ArcFace,lfw_pairs,impersonation_attack,GhostFaceNet,ATT,0.06005760806136358
57,ArcFace,lfw_pairs,impersonation_attack,GhostFaceNet,ATT,0.13123564019197245
60,ArcFace,lfw_pairs,impersonation_attack,GhostFaceNet,ATT,0.04687740391533593
2,ArcFace,celeba_pairs,impersonation_attack,GhostFaceNet,ATT,0.2292460171827886
8,ArcFace,celeba_pairs,impersonation_attack,GhostFaceNet,ATT,0.09721566979780061
12,ArcFace,celeba_pairs,impersonation_attack,GhostFaceNet,ATT,0.10357814835057326
26,ArcFace,celeba_pairs,impersonation_attack,GhostFaceNet,ATT,0.10729999334432941
34,ArcFace,celeba_pairs,impersonation_attack,GhostFaceNet,ATT,0.2810886141009307
3,ArcFace,vggface2_pairs,impersonation_attack,GhostFaceNet,ATT,0.16184989137370787
5,ArcFace,vggface2_pairs,impersonation_attack,GhostFaceNet,ATT,0.20405161619528528
17,ArcFace,vggface2_pairs,impersonation_attack,GhostFaceNet,ATT,0.14602025432701446
19,ArcFace,vggface2_pairs,impersonation_attack,GhostFaceNet,ATT,0.036535896693085115
21,ArcFace,vggface2_pairs,impersonation_attack,GhostFaceNet,ATT,0.19092404639149932
6,ArcFace,lfw_pairs,dodging_attack,GhostFaceNet,ATT,0.10326679918031689
9,ArcFace,lfw_pairs,dodging_attack,GhostFaceNet,ATT,0.21725967073883962
15,ArcFace,lfw_pairs,dodging_attack,GhostFaceNet,ATT,0.23119876895582997
16,ArcFace,lfw_pairs,dodging_attack,GhostFaceNet,ATT,0.19432351871573864
23,ArcFace,lfw_pairs,dodging_attack,GhostFaceNet,ATT,0.2193247869190577
18,ArcFace,celeba_pairs,dodging_attack,GhostFaceNet,ATT,0.4496908017601447
27,ArcFace,celeba_pairs,dodging_attack,GhostFaceNet,ATT,0.4934858563241599
28,ArcFace,celeba_pairs,dodging_attack,GhostFaceNet,ATT,0.2956323414011796
30,ArcFace,celeba_pairs,dodging_attack,GhostFaceNet,ATT,0.28138778274261317
33,ArcFace,celeba_pairs,dodging_attack,GhostFaceNet,ATT,0.2049972572610034
1,ArcFace,vggface2_pairs,dodging_attack,GhostFaceNet,ATT,0.2766279283181727
4,ArcFace,vggface2_pairs,dodging_attack,GhostFaceNet,ATT,-0.001500785111052341
7,ArcFace,vggface2_pairs,dodging_attack,GhostFaceNet,ATT,0.1709828319744706
10,ArcFace,vggface2_pairs,dodging_attack,GhostFaceNet,ATT,0.30762396561060684
11,ArcFace,vggface2_pairs,dodging_attack,GhostFaceNet,ATT,0.2916189368210149
0,Facenet512,lfw_pairs,impersonation_attack,GhostFaceNet,ATT,0.08975511872476281
32,Facenet512,lfw_pairs,impersonation_attack,GhostFaceNet,ATT,0.13889869332149193
48,Facenet512,lfw_pairs,impersonation_attack,GhostFaceNet,ATT,0.10208545620226618
57,Facenet512,lfw_pairs,impersonation_attack,GhostFaceNet,ATT,0.15451533752035218
60,Facenet512,lfw_pairs,impersonation_attack,GhostFaceNet,ATT,0.009058251144171877
2,Facenet512,celeba_pairs,impersonation_attack,GhostFaceNet,ATT,0.27000742713709386
8,Facenet512,celeba_pairs,impersonation_attack,GhostFaceNet,ATT,0.16851237307848121
12,Facenet512,celeba_pairs,impersonation_attack,GhostFaceNet,ATT,0.12053290588521279
26,Facenet512,celeba_pairs,impersonation_attack,GhostFaceNet,ATT,0.07508892885865444
34,Facenet512,celeba_pairs,impersonation_attack,GhostFaceNet,ATT,0.2854943829696588
3,Facenet512,vggface2_pairs,impersonation_attack,GhostFaceNet,ATT,0.1638685338711158
5,Facenet512,vggface2_pairs,impersonation_attack,GhostFaceNet,ATT,0.1737917325175373
17,Facenet512,vggface2_pairs,impersonation_attack,GhostFaceNet,ATT,0.18520799933812968
19,Facenet512,vggface2_pairs,impersonation_attack,GhostFaceNet,ATT,-0.008553782454176494
21,Facenet512,vggface2_pairs,impersonation_attack,GhostFaceNet,ATT,0.1800222928512494
6,Facenet512,lfw_pairs,dodging_attack,GhostFaceNet,ATT,0.20849363883823346
9,Facenet512,lfw_pairs,dodging_attack,GhostFaceNet,ATT,0.18453162842954512
15,Facenet512,lfw_pairs,dodging_attack,GhostFaceNet,ATT,0.15858212859396884
16,Facenet512,lfw_pairs,dodging_attack,GhostFaceNet,ATT,0.1981968024890415
23,Facenet512,lfw_pairs,dodging_attack,GhostFaceNet,ATT,0.28151892699041337
18,Facenet512,celeba_pairs,dodging_attack,GhostFaceNet,ATT,0.42053865672679797
27,Facenet512,celeba_pairs,dodging_attack,GhostFaceNet,ATT,0.43176105703728984
28,Facenet512,celeba_pairs,dodging_attack,GhostFaceNet,ATT,0.22527913514050701
30,Facenet512,celeba_pairs,dodging_attack,GhostFaceNet,ATT,0.2940620937336674
33,Facenet512,celeba_pairs,dodging_attack,GhostFaceNet,ATT,0.3181977083261597
1,Facenet512,vggface2_pairs,dodging_attack,GhostFaceNet,ATT,0.1745621288364019
4,Facenet512,vggface2_pairs,dodging_attack,GhostFaceNet,ATT,0.024090066858489714
7,Facenet512,vggface2_pairs,dodging_attack,GhostFaceNet,ATT,0.19753644187149672
10,Facenet512,vggface2_pairs,dodging_attack,GhostFaceNet,ATT,0.34545748093591444
11,Facenet512,vggface2_pairs,dodging_attack,GhostFaceNet,ATT,0.3282803898197716
0,GhostFaceNet,lfw_pairs,impersonation_attack,GhostFaceNet,ATT,0.09906944967832661
32,GhostFaceNet,lfw_pairs,impersonation_attack,GhostFaceNet,ATT,0.2508644547109637
48,GhostFaceNet,lfw_pairs,impersonation_attack,GhostFaceNet,ATT,0.017137239744248127
57,GhostFaceNet,lfw_pairs,impersonation_attack,GhostFaceNet,ATT,0.08265261715057085
60,GhostFaceNet,lfw_pairs,impersonation_attack,GhostFaceNet,ATT,0.06301050307116818
2,GhostFaceNet,celeba_pairs,impersonation_attack,GhostFaceNet,ATT,0.1253057459447034
8,GhostFaceNet,celeba_pairs,impersonation_attack,GhostFaceNet,ATT,0.3276319967696051
12,GhostFaceNet,celeba_pairs,impersonation_attack,GhostFaceNet,ATT,0.22966935166724253
26,GhostFaceNet,celeba_pairs,impersonation_attack,GhostFaceNet,ATT,0.10465620185147648
34,GhostFaceNet,celeba_pairs,impersonation_attack,GhostFaceNet,ATT,0.18829427508455135
3,GhostFaceNet,vggface2_pairs,impersonation_attack,GhostFaceNet,ATT,0.3298566767536926
5,GhostFaceNet,vggface2_pairs,impersonation_attack,GhostFaceNet,ATT,0.30711047052579793
17,GhostFaceNet,vggface2_pairs,impersonation_attack,GhostFaceNet,ATT,0.09983023222755073
19,GhostFaceNet,vggface2_pairs,impersonation_attack,GhostFaceNet,ATT,0.051487162505085185
21,GhostFaceNet,vggface2_pairs,impersonation_attack,GhostFaceNet,ATT,0.1761242440514636
6,GhostFaceNet,lfw_pairs,dodging_attack,GhostFaceNet,ATT,0.16982040943032087
9,GhostFaceNet,lfw_pairs,dodging_attack,GhostFaceNet,ATT,0.2661995172669697
15,GhostFaceNet,lfw_pairs,dodging_attack,GhostFaceNet,ATT,0.27460731370286573
16,GhostFaceNet,lfw_pairs,dodging_attack,GhostFaceNet,ATT,0.25173566417254967
23,GhostFaceNet,lfw_pairs,dodging_attack,GhostFaceNet,ATT,0.35812184952057996
18,GhostFaceNet,celeba_pairs,dodging_attack,GhostFaceNet,ATT,0.3026792670175862
27,GhostFaceNet,celeba_pairs,dodging_attack,GhostFaceNet,ATT,0.3909661495781701
28,GhostFaceNet,celeba_pairs,dodging_attack,GhostFaceNet,ATT,0.27864338630390273
30,GhostFaceNet,celeba_pairs,dodging_attack,GhostFaceNet,ATT,0.010674591632658345
33,GhostFaceNet,celeba_pairs,dodging_attack,GhostFaceNet,ATT,0.15540474314891842
1,GhostFaceNet,vggface2_pairs,dodging_attack,GhostFaceNet,ATT,0.18367426061585432
4,GhostFaceNet,vggface2_pairs,dodging_attack,GhostFaceNet,ATT,-0.0008201791533120078
7,GhostFaceNet,vggface2_pairs,dodging_attack,GhostFaceNet,ATT,0.2636701599099551
10,GhostFaceNet,vggface2_pairs,dodging_attack,GhostFaceNet,ATT,0.31434684535609375
11,GhostFaceNet,vggface2_pairs,dodging_attack,GhostFaceNet,ATT,0.1812500089392562
0,VGG-Face,lfw_pairs,impersonation_attack,GhostFaceNet,ATT,-0.07926707535560962
32,VGG-Face,lfw_pairs,impersonation_attack,GhostFaceNet,ATT,0.1415072407907079
48,VGG-Face,lfw_pairs,impersonation_attack,GhostFaceNet,ATT,0.08289701086466594
57,VGG-Face,lfw_pairs,impersonation_attack,GhostFaceNet,ATT,0.18965349867207396
60,VGG-Face,lfw_pairs,impersonation_attack,GhostFaceNet,ATT,0.06646884855675142
2,VGG-Face,celeba_pairs,impersonation_attack,GhostFaceNet,ATT,0.28440400619305384
8,VGG-Face,celeba_pairs,impersonation_attack,GhostFaceNet,ATT,0.11284224885461783
12,VGG-Face,celeba_pairs,impersonation_attack,GhostFaceNet,ATT,0.06177589098679638
26,VGG-Face,celeba_pairs,impersonation_attack,GhostFaceNet,ATT,0.13408225351964512
34,VGG-Face,celeba_pairs,impersonation_attack,GhostFaceNet,ATT,0.3301768884709072
3,VGG-Face,vggface2_pairs,impersonation_attack,GhostFaceNet,ATT,0.15979873108968223
5,VGG-Face,vggface2_pairs,impersonation_attack,GhostFaceNet,ATT,0.08681308891461416
17,VGG-Face,vggface2_pairs,impersonation_attack,GhostFaceNet,ATT,0.21140684428573028
19,VGG-Face,vggface2_pairs,impersonation_attack,GhostFaceNet,ATT,0.0966808491514776
21,VGG-Face,vggface2_pairs,impersonation_attack,GhostFaceNet,ATT,0.1857736630927159
6,VGG-Face,lfw_pairs,dodging_attack,GhostFaceNet,ATT,0.19428632165625903
9,VGG-Face,lfw_pairs,dodging_attack,GhostFaceNet,ATT,0.21101180226894886
15,VGG-Face,lfw_pairs,dodging_attack,GhostFaceNet,ATT,0.23032376038957642
16,VGG-Face,lfw_pairs,dodging_attack,GhostFaceNet,ATT,-0.05422589784016583
23,VGG-Face,lfw_pairs,dodging_attack,GhostFaceNet,ATT,0.24789042645959514
18,VGG-Face,celeba_pairs,dodging_attack,GhostFaceNet,ATT,0.2928500000292571
27,VGG-Face,celeba_pairs,dodging_attack,GhostFaceNet,ATT,0.3614527765540454
28,VGG-Face,celeba_pairs,dodging_attack,GhostFaceNet,ATT,0.2215473499889221
30,VGG-Face,celeba_pairs,dodging_attack,GhostFaceNet,ATT,0.24433299117787863
33,VGG-Face,celeba_pairs,dodging_attack,GhostFaceNet,ATT,0.17544366503154865
1,VGG-Face,vggface2_pairs,dodging_attack,GhostFaceNet,ATT,0.23856203891755898
4,VGG-Face,vggface2_pairs,dodging_attack,GhostFaceNet,ATT,0.011637329886466626
7,VGG-Face,vggface2_pairs,dodging_attack,GhostFaceNet,ATT,0.17297025701943528
10,VGG-Face,vggface2_pairs,dodging_attack,GhostFaceNet,ATT,0.27336429937337775
11,VGG-Face,vggface2_pairs,dodging_attack,GhostFaceNet,ATT,0.16666061465385246
0,ArcFace,lfw_pairs,impersonation_attack,VGG-Face,ATT,0.3841955659695929
32,ArcFace,lfw_pairs,impersonation_attack,VGG-Face,ATT,0.382089993116509
48,ArcFace,lfw_pairs,impersonation_attack,VGG-Face,ATT,0.1635344937454033
57,ArcFace,lfw_pairs,impersonation_attack,VGG-Face,ATT,0.3953690570323697
60,ArcFace,lfw_pairs,impersonation_attack,VGG-Face,ATT,0.17949085290891853
2,ArcFace,celeba_pairs,impersonation_attack,VGG-Face,ATT,0.27934680293775
8,ArcFace,celeba_pairs,impersonation_attack,VGG-Face,ATT,0.22291741605728513
12,ArcFace,celeba_pairs,impersonation_attack,VGG-Face,ATT,0.13545049581060434
26,ArcFace,celeba_pairs,impersonation_attack,VGG-Face,ATT,0.07177416366929569
34,ArcFace,celeba_pairs,impersonation_attack,VGG-Face,ATT,0.20304925568196727
3,ArcFace,vggface2_pairs,impersonation_attack,VGG-Face,ATT,0.14810289800660337
5,ArcFace,vggface2_pairs,impersonation_attack,VGG-Face,ATT,0.05569948081384776
17,ArcFace,vggface2_pairs,impersonation_attack,VGG-Face,ATT,0.27763873259512295
19,ArcFace,vggface2_pairs,impersonation_attack,VGG-Face,ATT,0.19342889116061673
21,ArcFace,vggface2_pairs,impersonation_attack,VGG-Face,ATT,0.09033188090023954
6,ArcFace,lfw_pairs,dodging_attack,VGG-Face,ATT,0.3520606793672325
9,ArcFace,lfw_pairs,dodging_attack,VGG-Face,ATT,0.42435331055968434
15,ArcFace,lfw_pairs,dodging_attack,VGG-Face,ATT,0.5278459193100098
16,ArcFace,lfw_pairs,dodging_attack,VGG-Face,ATT,0.39528722261249055
23,ArcFace,lfw_pairs,dodging_attack,VGG-Face,ATT,0.49663714359590083
18,ArcFace,celeba_pairs,dodging_attack,VGG-Face,ATT,0.3341791292477995
27,ArcFace,celeba_pairs,dodging_attack,VGG-Face,ATT,0.29357915256707495
28,ArcFace,celeba_pairs,dodging_attack,VGG-Face,ATT,0.6022605399413592
30,ArcFace,celeba_pairs,dodging_attack,VGG-Face,ATT,0.11469870461603107
33,ArcFace,celeba_pairs,dodging_attack,VGG-Face,ATT,0.5990322716055468
1,ArcFace,vggface2_pairs,dodging_attack,VGG-Face,ATT,0.2346899517774743
4,ArcFace,vggface2_pairs,dodging_attack,VGG-Face,ATT,0.2540364057525487
7,ArcFace,vggface2_pairs,dodging_attack,VGG-Face,ATT,0.1896404662703715
10,ArcFace,vggface2_pairs,dodging_attack,VGG-Face,ATT,0.37072882359509324
11,ArcFace,vggface2_pairs,dodging_attack,VGG-Face,ATT,0.3807607891765078
0,Facenet512,lfw_pairs,impersonation_attack,VGG-Face,ATT,0.3458195843867441
32,Facenet512,lfw_pairs,impersonation_attack,VGG-Face,ATT,0.3313513867835471
48,Facenet512,lfw_pairs,impersonation_attack,VGG-Face,ATT,0.17883559086298745
57,Facenet512,lfw_pairs,impersonation_attack,VGG-Face,ATT,0.40515396006646853
60,Facenet512,lfw_pairs,impersonation_attack,VGG-Face,ATT,0.2443518886057104
2,Facenet512,celeba_pairs,impersonation_attack,VGG-Face,ATT,0.38899978218311754
8,Facenet512,celeba_pairs,impersonation_attack,VGG-Face,ATT,0.24294126378171962
12,Facenet512,celeba_pairs,impersonation_attack,VGG-Face,ATT,0.18536295549166906
26,Facenet512,celeba_pairs,impersonation_attack,VGG-Face,ATT,0.06920450229387627
34,Facenet512,celeba_pairs,impersonation_attack,VGG-Face,ATT,0.28659463090568876
3,Facenet512,vggface2_pairs,impersonation_attack,VGG-Face,ATT,0.12360645713213517
5,Facenet512,vggface2_pairs,impersonation_attack,VGG-Face,ATT,0.0977573097568715
17,Facenet512,vggface2_pairs,impersonation_attack,VGG-Face,ATT,0.3291948753309961
19,Facenet512,vggface2_pairs,impersonation_attack,VGG-Face,ATT,0.2578425826534357
21,Facenet512,vggface2_pairs,impersonation_attack,VGG-Face,ATT,0.08437707247607316
6,Facenet512,lfw_pairs,dodging_attack,VGG-Face,ATT,0.2954477888811019
9,Facenet512,lfw_pairs,dodging_attack,VGG-Face,ATT,0.29287761761468223
15,Facenet512,lfw_pairs,dodging_attack,VGG-Face,ATT,0.34331566763007365
16,Facenet512,lfw_pairs,dodging_attack,VGG-Face,ATT,0.341325214076747
23,Facenet512,lfw_pairs,dodging_attack,VGG-Face,ATT,0.44640208815007865
18,Facenet512,celeba_pairs,dodging_attack,VGG-Face,ATT,0.18428705784904575
27,Facenet512,celeba_pairs,dodging_attack,VGG-Face,ATT,0.19830824437451047
28,Facenet512,celeba_pairs,dodging_attack,VGG-Face,ATT,0.44823565190402387
30,Facenet512,celeba_pairs,dodging_attack,VGG-Face,ATT,0.05691070418644392
33,Facenet512,celeba_pairs,dodging_attack,VGG-Face,ATT,0.5513425318423425
1,Facenet512,vggface2_pairs,dodging_attack,VGG-Face,ATT,0.24403394387053984
4,Facenet512,vggface2_pairs,dodging_attack,VGG-Face,ATT,0.24209136653606025
7,Facenet512,vggface2_pairs,dodging_attack,VGG-Face,ATT,0.1271211528764505
10,Facenet512,vggface2_pairs,dodging_attack,VGG-Face,ATT,0.3496582861814377
11,Facenet512,vggface2_pairs,dodging_attack,VGG-Face,ATT,0.23232100547654785
0,GhostFaceNet,lfw_pairs,impersonation_attack,VGG-Face,ATT,0.22496571287888092
32,GhostFaceNet,lfw_pairs,impersonation_attack,VGG-Face,ATT,0.2565057932369863
48,GhostFaceNet,lfw_pairs,impersonation_attack,VGG-Face,ATT,0.08953978704338195
57,GhostFaceNet,lfw_pairs,impersonation_attack,VGG-Face,ATT,0.27107561979739486
60,GhostFaceNet,lfw_pairs,impersonation_attack,VGG-Face,ATT,0.09756156782305862
2,GhostFaceNet,celeba_pairs,impersonation_attack,VGG-Face,ATT,0.19016831991490335
8,GhostFaceNet,celeba_pairs,impersonation_attack,VGG-Face,ATT,0.16109452025737164
12,GhostFaceNet,celeba_pairs,impersonation_attack,VGG-Face,ATT,0.09755144030923174
26,GhostFaceNet,celeba_pairs,impersonation_attack,VGG-Face,ATT,0.04700417180109114
34,GhostFaceNet,celeba_pairs,impersonation_attack,VGG-Face,ATT,0.2202528320688448
3,GhostFaceNet,vggface2_pairs,impersonation_attack,VGG-Face,ATT,0.11069869041742081
5,GhostFaceNet,vggface2_pairs,impersonation_attack,VGG-Face,ATT,0.08014900184355844
17,GhostFaceNet,vggface2_pairs,impersonation_attack,VGG-Face,ATT,0.16002955715976655
19,GhostFaceNet,vggface2_pairs,impersonation_attack,VGG-Face,ATT,0.1294801534686929
21,GhostFaceNet,vggface2_pairs,impersonation_attack,VGG-Face,ATT,0.07822795743564473
6,GhostFaceNet,lfw_pairs,dodging_attack,VGG-Face,ATT,0.5535487866927166
9,GhostFaceNet,lfw_pairs,dodging_attack,VGG-Face,ATT,0.4643473962617913
15,GhostFaceNet,lfw_pairs,dodging_attack,VGG-Face,ATT,0.513972542572344
16,GhostFaceNet,lfw_pairs,dodging_attack,VGG-Face,ATT,0.434462641821536
23,GhostFaceNet,lfw_pairs,dodging_attack,VGG-Face,ATT,0.5650560941804816
18,GhostFaceNet,celeba_pairs,dodging_attack,VGG-Face,ATT,0.3512436619927153
27,GhostFaceNet,celeba_pairs,dodging_attack,VGG-Face,ATT,0.2800776929813762
28,GhostFaceNet,celeba_pairs,dodging_attack,VGG-Face,ATT,0.5554299723658587
30,GhostFaceNet,celeba_pairs,dodging_attack,VGG-Face,ATT,0.10910411168937546
33,GhostFaceNet,celeba_pairs,dodging_attack,VGG-Face,ATT,0.6843468782164999
1,GhostFaceNet,vggface2_pairs,dodging_attack,VGG-Face,ATT,0.36688709959719923
4,GhostFaceNet,vggface2_pairs,dodging_attack,VGG-Face,ATT,0.25041298563879844
7,GhostFaceNet,vggface2_pairs,dodging_attack,VGG-Face,ATT,0.2520767973521601
10,GhostFaceNet,vggface2_pairs,dodging_attack,VGG-Face,ATT,0.5665482014640489
11,GhostFaceNet,vggface2_pairs,dodging_attack,VGG-Face,ATT,0.36002452115547123
0,VGG-Face,lfw_pairs,impersonation_attack,VGG-Face,ATT,0.6849028496571344
32,VGG-Face,lfw_pairs,impersonation_attack,VGG-Face,ATT,0.7006870631943384
48,VGG-Face,lfw_pairs,impersonation_attack,VGG-Face,ATT,0.3656032997218318
57,VGG-Face,lfw_pairs,impersonation_attack,VGG-Face,ATT,0.5603412034697559
60,VGG-Face,lfw_pairs,impersonation_attack,VGG-Face,ATT,0.6024953804098234
2,VGG-Face,celeba_pairs,impersonation_attack,VGG-Face,ATT,0.5986496317337646
8,VGG-Face,celeba_pairs,impersonation_attack,VGG-Face,ATT,0.6494657517459653
12,VGG-Face,celeba_pairs,impersonation_attack,VGG-Face,ATT,0.3880012638767786
26,VGG-Face,celeba_pairs,impersonation_attack,VGG-Face,ATT,0.21598338739546366
34,VGG-Face,celeba_pairs,impersonation_attack,VGG-Face,ATT,0.7117647263490273
3,VGG-Face,vggface2_pairs,impersonation_attack,VGG-Face,ATT,0.48327858357491643
5,VGG-Face,vggface2_pairs,impersonation_attack,VGG-Face,ATT,0.32813566125420185
17,VGG-Face,vggface2_pairs,impersonation_attack,VGG-Face,ATT,0.6606835100143864
19,VGG-Face,vggface2_pairs,impersonation_attack,VGG-Face,ATT,0.5560153579862007
21,VGG-Face,vggface2_pairs,impersonation_attack,VGG-Face,ATT,0.33815924015225557
6,VGG-Face,lfw_pairs,dodging_attack,VGG-Face,ATT,0.049952699973560485
9,VGG-Face,lfw_pairs,dodging_attack,VGG-Face,ATT,0.10119344641171167
15,VGG-Face,lfw_pairs,dodging_attack,VGG-Face,ATT,0.039529435365491666
16,VGG-Face,lfw_pairs,dodging_attack,VGG-Face,ATT,0.059183532296627796
23,VGG-Face,lfw_pairs,dodging_attack,VGG-Face,ATT,0.15148809055942397
18,VGG-Face,celeba_pairs,dodging_attack,VGG-Face,ATT,0.0367550548199045
27,VGG-Face,celeba_pairs,dodging_attack,VGG-Face,ATT,0.022383995591853688
28,VGG-Face,celeba_pairs,dodging_attack,VGG-Face,ATT,0.08522234535635352
30,VGG-Face,celeba_pairs,dodging_attack,VGG-Face,ATT,0.004739560145599657
33,VGG-Face,celeba_pairs,dodging_attack,VGG-Face,ATT,0.13613617535944353
1,VGG-Face,vggface2_pairs,dodging_attack,VGG-Face,ATT,0.03867262281219219
4,VGG-Face,vggface2_pairs,dodging_attack,VGG-Face,ATT,0.055955562958372534
7,VGG-Face,vggface2_pairs,dodging_attack,VGG-Face,ATT,0.026649279894745196
10,VGG-Face,vggface2_pairs,dodging_attack,VGG-Face,ATT,0.06640743719388048
11,VGG-Face,vggface2_pairs,dodging_attack,VGG-Face,ATT,0.04848230046551226
