row_id,attacker_model,dataset,attack_type,victim_model,attack_method,similarity,clean_similarity,threshold,breach,impact
0,ArcFace,lfw_pairs,impersonation_attack,ArcFace,ATT,0.5405241961379335,0.2113871872425079,0.380176,1,0.3291370088954255
32,ArcFace,lfw_pairs,impersonation_attack,ArcFace,ATT,0.4259664792476791,0.0229567140340805,0.380176,1,0.4030097652135986
48,ArcFace,lfw_pairs,impersonation_attack,ArcFace,ATT,0.4613497027929114,0.1083588227629661,0.380176,1,0.3529908800299453
57,ArcFace,lfw_pairs,impersonation_attack,ArcFace,ATT,0.4367210122796984,0.2939320802688598,0.380176,1,0.1427889320108386
60,ArcFace,lfw_pairs,impersonation_attack,ArcFace,ATT,0.6478608794070649,0.0810950919985771,0.380176,1,0.5667657874084878
2,ArcFace,celeba_pairs,impersonation_attack,ArcFace,ATT,0.7160221075654439,0.2291036397218704,0.389981,1,0.4869184678435735
8,ArcFace,celeba_pairs,impersonation_attack,ArcFace,ATT,0.6689629297926878,0.1708459556102752,0.389981,1,0.4981169741824126
12,ArcFace,celeba_pairs,impersonation_attack,ArcFace,ATT,0.5902378826107038,0.2072169482707977,0.389981,1,0.383020934339906
26,ArcFace,celeba_pairs,impersonation_attack,ArcFace,ATT,0.3858642083720983,0.0089564956724643,0.389981,0,0.37690771269963397
34,ArcFace,celeba_pairs,impersonation_attack,ArcFace,ATT,0.652425751725349,0.1476320326328277,0.389981,1,0.5047937190925214
3,ArcFace,vggface2_pairs,impersonation_attack,ArcFace,ATT,0.7532853554379074,0.0339482352137565,0.423448,1,0.719337120224151
5,ArcFace,vggface2_pairs,impersonation_attack,ArcFace,ATT,0.5056539723540374,0.0034883907064795,0.423448,1,0.5021655816475579
17,ArcFace,vggface2_pairs,impersonation_attack,ArcFace,ATT,0.7566011096658395,0.3356752395629883,0.423448,1,0.4209258701028512
19,ArcFace,vggface2_pairs,impersonation_attack,ArcFace,ATT,0.574612078800217,0.1917921304702758,0.423448,1,0.38281994832994126
21,ArcFace,vggface2_pairs,impersonation_attack,ArcFace,ATT,0.5431074529960882,0.1859162747859954,0.423448,1,0.35719117821009283
6,ArcFace,lfw_pairs,dodging_attack,ArcFace,ATT,0.0605638424939065,0.7488540410995483,0.380176,1,0.6882901986056419
9,ArcFace,lfw_pairs,dodging_attack,ArcFace,ATT,0.2263962123539684,0.2683088183403015,0.380176,1,0.04191260598633312
15,ArcFace,lfw_pairs,dodging_attack,ArcFace,ATT,-0.0185490048425693,0.6775953769683838,0.380176,1,0.6961443818109531
16,ArcFace,lfw_pairs,dodging_attack,ArcFace,ATT,0.0455831330889379,0.6158847212791443,0.380176,1,0.5703015881902064
23,ArcFace,lfw_pairs,dodging_attack,ArcFace,ATT,0.1206209260816976,0.6419427394866943,0.380176,1,0.5213218134049967
18,ArcFace,celeba_pairs,dodging_attack,ArcFace,ATT,0.0807570953006406,0.7534175515174866,0.389981,1,0.672660456216846
27,ArcFace,celeba_pairs,dodging_attack,ArcFace,ATT,0.2128482392471824,0.7247549891471863,0.389981,1,0.5119067499000038
28,ArcFace,celeba_pairs,dodging_attack,ArcFace,ATT,0.0887855558823697,0.3586554825305938,0.389981,1,0.2698699266482241
30,ArcFace,celeba_pairs,dodging_attack,ArcFace,ATT,-0.1156149601456236,0.5551614761352539,0.389981,1,0.6707764362808775
33,ArcFace,celeba_pairs,dodging_attack,ArcFace,ATT,0.2158562448242308,0.8753218650817871,0.389981,1,0.6594656202575563
1,ArcFace,vggface2_pairs,dodging_attack,ArcFace,ATT,-0.1211743337232243,0.3415670692920685,0.423448,1,0.46274140301529276
4,ArcFace,vggface2_pairs,dodging_attack,ArcFace,ATT,-0.2238444116887981,0.017865490168333,0.423448,1,0.2417099018571311
7,ArcFace,vggface2_pairs,dodging_attack,ArcFace,ATT,0.0200919426398584,0.6302404403686523,0.423448,1,0.610148497728794
10,ArcFace,vggface2_pairs,dodging_attack,ArcFace,ATT,0.3295998415463966,0.5862312316894531,0.423448,1,0.2566313901430565
11,ArcFace,vggface2_pairs,dodging_attack,ArcFace,ATT,-0.0087001126023188,0.1998281925916671,0.423448,1,0.20852830519398588
0,Facenet512,lfw_pairs,impersonation_attack,ArcFace,ATT,0.2926272768391841,0.2113871872425079,0.380176,0,0.0812400895966762
32,Facenet512,lfw_pairs,impersonation_attack,ArcFace,ATT,0.1379530456643488,0.0229567140340805,0.380176,0,0.11499633163026829
48,Facenet512,lfw_pairs,impersonation_attack,ArcFace,ATT,0.1500238229518139,0.1083588227629661,0.380176,0,0.041665000188847806
57,Facenet512,lfw_pairs,impersonation_attack,ArcFace,ATT,0.2784533083075033,0.2939320802688598,0.380176,0,-0.015478771961356497
60,Facenet512,lfw_pairs,impersonation_attack,ArcFace,ATT,0.1566835999131303,0.0810950919985771,0.380176,0,0.0755885079145532
2,Facenet512,celeba_pairs,impersonation_attack,ArcFace,ATT,0.3920363561065255,0.2291036397218704,0.389981,1,0.1629327163846551
8,Facenet512,celeba_pairs,impersonation_attack,ArcFace,ATT,0.3109743296228648,0.1708459556102752,0.389981,0,0.1401283740125896
12,Facenet512,celeba_pairs,impersonation_attack,ArcFace,ATT,0.3834602350761482,0.2072169482707977,0.389981,0,0.17624328680535048
26,Facenet512,celeba_pairs,impersonation_attack,ArcFace,ATT,0.0975901698060641,0.0089564956724643,0.389981,0,0.0886336741335998
34,Facenet512,celeba_pairs,impersonation_attack,ArcFace,ATT,0.399779107202192,0.1476320326328277,0.389981,1,0.2521470745693643
3,Facenet512,vggface2_pairs,impersonation_attack,ArcFace,ATT,0.2585577481589846,0.0339482352137565,0.423448,0,0.22460951294522807
5,Facenet512,vggface2_pairs,impersonation_attack,ArcFace,ATT,0.1231586358382959,0.0034883907064795,0.423448,0,0.1196702451318164
17,Facenet512,vggface2_pairs,impersonation_attack,ArcFace,ATT,0.5646550569571274,0.3356752395629883,0.423448,1,0.22897981739413908
19,Facenet512,vggface2_pairs,impersonation_attack,ArcFace,ATT,0.4591743371205404,0.1917921304702758,0.423448,1,0.2673822066502646
21,Facenet512,vggface2_pairs,impersonation_attack,ArcFace,ATT,0.3417816610928618,0.1859162747859954,0.423448,0,0.1558653863068664
6,Facenet512,lfw_pairs,dodging_attack,ArcFace,ATT,0.3398704127476072,0.7488540410995483,0.380176,1,0.40898362835194113
9,Facenet512,lfw_pairs,dodging_attack,ArcFace,ATT,0.394584493416662,0.2683088183403015,0.380176,0,-0.1262756750763605
15,Facenet512,lfw_pairs,dodging_attack,ArcFace,ATT,0.3014993997825119,0.6775953769683838,0.380176,1,0.3760959771858719
16,Facenet512,lfw_pairs,dodging_attack,ArcFace,ATT,0.3495499070803948,0.6158847212791443,0.380176,1,0.2663348141987495
23,Facenet512,lfw_pairs,dodging_attack,ArcFace,ATT,0.2328250510978791,0.6419427394866943,0.380176,1,0.40911768838881524
18,Facenet512,celeba_pairs,dodging_attack,ArcFace,ATT,0.4572444808441748,0.7534175515174866,0.389981,0,0.2961730706733118
27,Facenet512,celeba_pairs,dodging_attack,ArcFace,ATT,0.5048224487295525,0.7247549891471863,0.389981,0,0.21993254041763377
28,Facenet512,celeba_pairs,dodging_attack,ArcFace,ATT,0.3963784165504778,0.3586554825305938,0.389981,0,-0.03772293401988397
30,Facenet512,celeba_pairs,dodging_attack,ArcFace,ATT,0.3903170412063147,0.5551614761352539,0.389981,0,0.1648444349289392
33,Facenet512,celeba_pairs,dodging_attack,ArcFace,ATT,0.5392020154539037,0.8753218650817871,0.389981,0,0.33611984962788344
1,Facenet512,vggface2_pairs,dodging_attack,ArcFace,ATT,0.0996877561840327,0.3415670692920685,0.423448,1,0.2418793131080358
4,Facenet512,vggface2_pairs,dodging_attack,ArcFace,ATT,0.0770308101639536,0.017865490168333,0.423448,1,-0.05916531999562061
7,Facenet512,vggface2_pairs,dodging_attack,ArcFace,ATT,0.3738001985924526,0.6302404403686523,0.423448,1,0.25644024177619973
10,Facenet512,vggface2_pairs,dodging_attack,ArcFace,ATT,0.6619768497595856,0.5862312316894531,0.423448,0,-0.07574561807013247
11,Facenet512,vggface2_pairs,dodging_attack,ArcFace,ATT,0.3892345687811258,0.1998281925916671,0.423448,1,-0.1894063761894587
0,GhostFaceNet,lfw_pairs,impersonation_attack,ArcFace,ATT,0.1117835927515808,0.2113871872425079,0.380176,0,-0.09960359449092711
32,GhostFaceNet,lfw_pairs,impersonation_attack,ArcFace,ATT,-0.0732994759174917,0.0229567140340805,0.380176,0,-0.0962561899515722
48,GhostFaceNet,lfw_pairs,impersonation_attack,ArcFace,ATT,0.1019680280087735,0.1083588227629661,0.380176,0,-0.0063907947541926025
57,GhostFaceNet,lfw_pairs,impersonation_attack,ArcFace,ATT,0.2499536384956479,0.2939320802688598,0.380176,0,-0.04397844177321192
60,GhostFaceNet,lfw_pairs,impersonation_attack,ArcFace,ATT,-0.0371271352643113,0.0810950919985771,0.380176,0,-0.1182222272628884
2,GhostFaceNet,celeba_pairs,impersonation_attack,ArcFace,ATT,0.3460552251037047,0.2291036397218704,0.389981,0,0.11695158538183428
8,GhostFaceNet,celeba_pairs,impersonation_attack,ArcFace,ATT,0.2743123091144439,0.1708459556102752,0.389981,0,0.10346635350416866
12,GhostFaceNet,celeba_pairs,impersonation_attack,ArcFace,ATT,0.3388406233211901,0.2072169482707977,0.389981,0,0.13162367505039238
26,GhostFaceNet,celeba_pairs,impersonation_attack,ArcFace,ATT,0.0965194024567453,0.0089564956724643,0.389981,0,0.087562906784281
34,GhostFaceNet,celeba_pairs,impersonation_attack,ArcFace,ATT,0.0883129940707239,0.1476320326328277,0.389981,0,-0.0593190385621038
3,GhostFaceNet,vggface2_pairs,impersonation_attack,ArcFace,ATT,0.2305702693830522,0.0339482352137565,0.423448,0,0.1966220341692957
5,GhostFaceNet,vggface2_pairs,impersonation_attack,ArcFace,ATT,0.0745531727334474,0.0034883907064795,0.423448,0,0.07106478202696791
17,GhostFaceNet,vggface2_pairs,impersonation_attack,ArcFace,ATT,0.2777996352409358,0.3356752395629883,0.423448,0,-0.057875604322052465
19,GhostFaceNet,vggface2_pairs,impersonation_attack,ArcFace,ATT,0.3270988212347283,0.1917921304702758,0.423448,0,0.13530669076445248
21,GhostFaceNet,vggface2_pairs,impersonation_attack,ArcFace,ATT,0.2674947389419431,0.1859162747859954,0.423448,0,0.08157846415594769
6,GhostFaceNet,lfw_pairs,dodging_attack,ArcFace,ATT,0.5057184461691611,0.7488540410995483,0.380176,0,0.24313559493038728
9,GhostFaceNet,lfw_pairs,dodging_attack,ArcFace,ATT,0.483660604821126,0.2683088183403015,0.380176,0,-0.21535178648082448
15,GhostFaceNet,lfw_pairs,dodging_attack,ArcFace,ATT,0.4349144177825305,0.6775953769683838,0.380176,0,0.2426809591858533
16,GhostFaceNet,lfw_pairs,dodging_attack,ArcFace,ATT,0.4931520992488819,0.6158847212791443,0.380176,0,0.12273262203026236
23,GhostFaceNet,lfw_pairs,dodging_attack,ArcFace,ATT,0.44097164059112,0.6419427394866943,0.380176,0,0.20097109889557435
18,GhostFaceNet,celeba_pairs,dodging_attack,ArcFace,ATT,0.5449435470740487,0.7534175515174866,0.389981,0,0.2084740044434379
27,GhostFaceNet,celeba_pairs,dodging_attack,ArcFace,ATT,0.4862754688724794,0.7247549891471863,0.389981,0,0.23847952027470687
28,GhostFaceNet,celeba_pairs,dodging_attack,ArcFace,ATT,0.4850853981385103,0.3586554825305938,0.389981,0,-0.1264299156079165
30,GhostFaceNet,celeba_pairs,dodging_attack,ArcFace,ATT,0.445052955062016,0.5551614761352539,0.389981,0,0.11010852107323793
33,GhostFaceNet,celeba_pairs,dodging_attack,ArcFace,ATT,0.5907765429322742,0.8753218650817871,0.389981,0,0.2845453221495129
1,GhostFaceNet,vggface2_pairs,dodging_attack,ArcFace,ATT,0.3580319097027336,0.3415670692920685,0.423448,1,-0.016464840410665094
4,GhostFaceNet,vggface2_pairs,dodging_attack,ArcFace,ATT,0.0848490915985983,0.017865490168333,0.423448,1,-0.0669836014302653
7,GhostFaceNet,vggface2_pairs,dodging_attack,ArcFace,ATT,0.4165031711663305,0.6302404403686523,0.423448,1,0.21373726920232183
10,GhostFaceNet,vggface2_pairs,dodging_attack,ArcFace,ATT,0.7099448087936236,0.5862312316894531,0.423448,0,-0.12371357710417052
11,GhostFaceNet,vggface2_pairs,dodging_attack,ArcFace,ATT,0.2943169783017695,0.1998281925916671,0.423448,1,-0.09448878571010241
0,VGG-Face,lfw_pairs,impersonation_attack,ArcFace,ATT,0.2636800733462735,0.2113871872425079,0.380176,0,0.05229288610376562
32,VGG-Face,lfw_pairs,impersonation_attack,ArcFace,ATT,0.1712645080424713,0.0229567140340805,0.380176,0,0.14830779400839078
48,VGG-Face,lfw_pairs,impersonation_attack,ArcFace,ATT,0.1058299340404695,0.1083588227629661,0.380176,0,-0.0025288887224965972
57,VGG-Face,lfw_pairs,impersonation_attack,ArcFace,ATT,0.2874522266254615,0.2939320802688598,0.380176,0,-0.0064798536433983145
60,VGG-Face,lfw_pairs,impersonation_attack,ArcFace,ATT,0.290152083686463,0.0810950919985771,0.380176,0,0.20905699168788588
2,VGG-Face,celeba_pairs,impersonation_attack,ArcFace,ATT,0.4577320093593988,0.2291036397218704,0.389981,1,0.2286283696375284
8,VGG-Face,celeba_pairs,impersonation_attack,ArcFace,ATT,0.4200110462396214,0.1708459556102752,0.389981,1,0.24916509062934616
12,VGG-Face,celeba_pairs,impersonation_attack,ArcFace,ATT,0.339597577490878,0.2072169482707977,0.389981,0,0.1323806292200803
26,VGG-Face,celeba_pairs,impersonation_attack,ArcFace,ATT,0.2717347745593487,0.0089564956724643,0.389981,0,0.2627782788868844
34,VGG-Face,celeba_pairs,impersonation_attack,ArcFace,ATT,0.349171650003139,0.1476320326328277,0.389981,0,0.20153961737031129
3,VGG-Face,vggface2_pairs,impersonation_attack,ArcFace,ATT,0.4146334520780517,0.0339482352137565,0.423448,0,0.3806852168642952
5,VGG-Face,vggface2_pairs,impersonation_attack,ArcFace,ATT,0.0897747431651677,0.0034883907064795,0.423448,0,0.08628635245868821
17,VGG-Face,vggface2_pairs,impersonation_attack,ArcFace,ATT,0.620421728070765,0.3356752395629883,0.423448,1,0.28474648850777673
19,VGG-Face,vggface2_pairs,impersonation_attack,ArcFace,ATT,0.4836924972114854,0.1917921304702758,0.423448,1,0.29190036674120956
21,VGG-Face,vggface2_pairs,impersonation_attack,ArcFace,ATT,0.3176491762189976,0.1859162747859954,0.423448,0,0.13173290143300218
6,VGG-Face,lfw_pairs,dodging_attack,ArcFace,ATT,0.3125402234289766,0.7488540410995483,0.380176,1,0.43631381767057176
9,VGG-Face,lfw_pairs,dodging_attack,ArcFace,ATT,0.3796949253945786,0.2683088183403015,0.380176,1,-0.1113861070542771
15,VGG-Face,lfw_pairs,dodging_attack,ArcFace,ATT,0.3599124513211614,0.6775953769683838,0.380176,1,0.3176829256472224
16,VGG-Face,lfw_pairs,dodging_attack,ArcFace,ATT,0.0036941249380681,0.6158847212791443,0.380176,1,0.6121905963410762
23,VGG-Face,lfw_pairs,dodging_attack,ArcFace,ATT,0.1783060634677006,0.6419427394866943,0.380176,1,0.4636366760189937
18,VGG-Face,celeba_pairs,dodging_attack,ArcFace,ATT,0.4450058099358083,0.7534175515174866,0.389981,0,0.3084117415816783
27,VGG-Face,celeba_pairs,dodging_attack,ArcFace,ATT,0.4334940401564239,0.7247549891471863,0.389981,0,0.2912609489907624
28,VGG-Face,celeba_pairs,dodging_attack,ArcFace,ATT,0.3006515847567156,0.3586554825305938,0.389981,1,0.05800389777387821
30,VGG-Face,celeba_pairs,dodging_attack,ArcFace,ATT,0.3380462535742439,0.5551614761352539,0.389981,1,0.21711522256101
33,VGG-Face,celeba_pairs,dodging_attack,ArcFace,ATT,0.4470828029860194,0.8753218650817871,0.389981,0,0.42823906209576773
1,VGG-Face,vggface2_pairs,dodging_attack,ArcFace,ATT,0.1978401583892801,0.3415670692920685,0.423448,1,0.14372691090278839
4,VGG-Face,vggface2_pairs,dodging_attack,ArcFace,ATT,0.0636485333702777,0.017865490168333,0.423448,1,-0.045783043201944706
7,VGG-Face,vggface2_pairs,dodging_attack,ArcFace,ATT,0.3224513456868877,0.6302404403686523,0.423448,1,0.30778909468176463
10,VGG-Face,vggface2_pairs,dodging_attack,ArcFace,ATT,0.5990719476508838,0.5862312316894531,0.423448,0,-0.01284071596143066
11,VGG-Face,vggface2_pairs,dodging_attack,ArcFace,ATT,0.3443272170502549,0.1998281925916671,0.423448,1,-0.14449902445858778
0,ArcFace,lfw_pairs,impersonation_attack,Facenet512,ATT,0.5712248903548863,0.2037829756736755,0.306555,1,0.3674419146812108
32,ArcFace,lfw_pairs,impersonation_attack,Facenet512,ATT,0.4528999977351385,0.0512039996683597,0.306555,1,0.4016959980667788
48,ArcFace,lfw_pairs,impersonation_attack,Facenet512,ATT,-0.0270311166572253,-0.1588931530714035,0.306555,0,0.1318620364141782
57,ArcFace,lfw_pairs,impersonation_attack,Facenet512,ATT,0.4205301978689639,0.1256765872240066,0.306555,1,0.2948536106449573
60,ArcFace,lfw_pairs,impersonation_attack,Facenet512,ATT,0.4112100962491934,0.1686835289001464,0.306555,1,0.242526567349047
2,ArcFace,celeba_pairs,impersonation_attack,Facenet512,ATT,0.3217830636401199,0.0810722559690475,0.293804,1,0.2407108076710724
8,ArcFace,celeba_pairs,impersonation_attack,Facenet512,ATT,0.0653035113606781,-0.2507398426532745,0.293804,0,0.31604335401395256
12,ArcFace,celeba_pairs,impersonation_attack,Facenet512,ATT,0.2819074373334917,0.0975427031517028,0.293804,0,0.18436473418178892
26,ArcFace,celeba_pairs,impersonation_attack,Facenet512,ATT,0.0371771440798008,-0.209015667438507,0.293804,0,0.2461928115183078
34,ArcFace,celeba_pairs,impersonation_attack,Facenet512,ATT,0.3596212657860148,0.0368540957570076,0.293804,1,0.3227671700290072
3,ArcFace,vggface2_pairs,impersonation_attack,Facenet512,ATT,0.1457340361238702,0.0153017658740282,0.35762,0,0.130432270249842
5,ArcFace,vggface2_pairs,impersonation_attack,Facenet512,ATT,-0.0936561080702353,-0.0816236436367034,0.35762,0,-0.012032464433531911
17,ArcFace,vggface2_pairs,impersonation_attack,Facenet512,ATT,0.544333264106275,-0.0131816901266574,0.35762,1,0.5575149542329324
19,ArcFace,vggface2_pairs,impersonation_attack,Facenet512,ATT,-0.0135768302237319,0.0531447790563106,0.35762,0,-0.0667216092800425
21,ArcFace,vggface2_pairs,impersonation_attack,Facenet512,ATT,0.0174731888292196,-0.2023607045412063,0.35762,0,0.21983389337042591
6,ArcFace,lfw_pairs,dodging_attack,Facenet512,ATT,0.3046903820700996,0.7516776323318481,0.306555,1,0.44698725026174857
9,ArcFace,lfw_pairs,dodging_attack,Facenet512,ATT,0.7991331909937841,0.8218121528625488,0.306555,0,0.022678961868764724
15,ArcFace,lfw_pairs,dodging_attack,Facenet512,ATT,0.4121156468008075,0.6876072287559509,0.306555,0,0.27549158195514345
16,ArcFace,lfw_pairs,dodging_attack,Facenet512,ATT,0.7572781991728045,0.7765311598777771,0.306555,0,0.01925296070497262
23,ArcFace,lfw_pairs,dodging_attack,Facenet512,ATT,0.5902062526121545,0.7583963871002197,0.306555,0,0.1681901344880652
18,ArcFace,celeba_pairs,dodging_attack,Facenet512,ATT,0.4651460662828811,0.7128064632415771,0.293804,0,0.24766039695869607
27,ArcFace,celeba_pairs,dodging_attack,Facenet512,ATT,0.5202197296817123,0.8734109401702881,0.293804,0,0.3531912104885758
28,ArcFace,celeba_pairs,dodging_attack,Facenet512,ATT,0.7679411061060905,0.7959234714508057,0.293804,0,0.02798236534471521
30,ArcFace,celeba_pairs,dodging_attack,Facenet512,ATT,0.4941101450787034,0.7042645215988159,0.293804,0,0.21015437652011254
33,ArcFace,celeba_pairs,dodging_attack,Facenet512,ATT,0.798262533830109,0.9276920557022096,0.293804,0,0.12942952187210055
1,ArcFace,vggface2_pairs,dodging_attack,Facenet512,ATT,0.5155570775740971,0.822794497013092,0.35762,0,0.30723741943899496
4,ArcFace,vggface2_pairs,dodging_attack,Facenet512,ATT,0.236031895647111,0.52094566822052,0.35762,1,0.284913772573409
7,ArcFace,vggface2_pairs,dodging_attack,Facenet512,ATT,0.501095701851977,0.6818405389785767,0.35762,0,0.1807448371265996
10,ArcFace,vggface2_pairs,dodging_attack,Facenet512,ATT,0.7523914719632874,0.7888361215591431,0.35762,0,0.036444649595855694
11,ArcFace,vggface2_pairs,dodging_attack,Facenet512,ATT,0.5762725063245726,0.7133797407150269,0.35762,0,0.13710723439045425
0,Facenet512,lfw_pairs,impersonation_attack,Facenet512,ATT,0.7403171797309199,0.2037829756736755,0.306555,1,0.5365342040572444
32,Facenet512,lfw_pairs,impersonation_attack,Facenet512,ATT,0.6876442152520968,0.0512039996683597,0.306555,1,0.6364402155837372
48,Facenet512,lfw_pairs,impersonation_attack,Facenet512,ATT,0.4119412082769097,-0.1588931530714035,0.306555,1,0.5708343613483132
57,Facenet512,lfw_pairs,impersonation_attack,Facenet512,ATT,0.6626444669308972,0.1256765872240066,0.306555,1,0.5369678797068906
60,Facenet512,lfw_pairs,impersonation_attack,Facenet512,ATT,0.6792603353486076,0.1686835289001464,0.306555,1,0.5105768064484613
2,Facenet512,celeba_pairs,impersonation_attack,Facenet512,ATT,0.4302089568955399,0.0810722559690475,0.293804,1,0.3491367009264924
8,Facenet512,celeba_pairs,impersonation_attack,Facenet512,ATT,0.5167136487092626,-0.2507398426532745,0.293804,1,0.767453491362537
12,Facenet512,celeba_pairs,impersonation_attack,Facenet512,ATT,0.5242208749835482,0.0975427031517028,0.293804,1,0.4266781718318454
26,Facenet512,celeba_pairs,impersonation_attack,Facenet512,ATT,0.1798542570303635,-0.209015667438507,0.293804,0,0.3888699244688705
34,Facenet512,celeba_pairs,impersonation_attack,Facenet512,ATT,0.6614622616583953,0.0368540957570076,0.293804,1,0.6246081659013877
3,Facenet512,vggface2_pairs,impersonation_attack,Facenet512,ATT,0.4979039439498479,0.0153017658740282,0.35762,1,0.4826021780758197
5,Facenet512,vggface2_pairs,impersonation_attack,Facenet512,ATT,0.3760092701110163,-0.0816236436367034,0.35762,1,0.4576329137477197
17,Facenet512,vggface2_pairs,impersonation_attack,Facenet512,ATT,0.7459769279406483,-0.0131816901266574,0.35762,1,0.7591586180673057
19,Facenet512,vggface2_pairs,impersonation_attack,Facenet512,ATT,0.2611350500872405,0.0531447790563106,0.35762,0,0.20799027103092987
21,Facenet512,vggface2_pairs,impersonation_attack,Facenet512,ATT,0.228893260752683,-0.2023607045412063,0.35762,0,0.43125396529388926
6,Facenet512,lfw_pairs,dodging_attack,Facenet512,ATT,0.0367320095469223,0.7516776323318481,0.306555,1,0.7149456227849258
9,Facenet512,lfw_pairs,dodging_attack,Facenet512,ATT,0.5891906860958698,0.8218121528625488,0.306555,0,0.23262146676667905
15,Facenet512,lfw_pairs,dodging_attack,Facenet512,ATT,-0.0368205540437319,0.6876072287559509,0.306555,1,0.7244277827996828
16,Facenet512,lfw_pairs,dodging_attack,Facenet512,ATT,0.5207877829811551,0.7765311598777771,0.306555,0,0.25574337689662197
23,Facenet512,lfw_pairs,dodging_attack,Facenet512,ATT,0.2457746305205365,0.7583963871002197,0.306555,1,0.5126217565796832
18,Facenet512,celeba_pairs,dodging_attack,Facenet512,ATT,0.0351973963788169,0.7128064632415771,0.293804,1,0.6776090668627602
27,Facenet512,celeba_pairs,dodging_attack,Facenet512,ATT,0.1453418900555424,0.8734109401702881,0.293804,1,0.7280690501147457
28,Facenet512,celeba_pairs,dodging_attack,Facenet512,ATT,0.4443753679555647,0.7959234714508057,0.293804,0,0.35154810349524096
30,Facenet512,celeba_pairs,dodging_attack,Facenet512,ATT,-0.0014270794670644,0.7042645215988159,0.293804,1,0.7056916010658804
33,Facenet512,celeba_pairs,dodging_attack,Facenet512,ATT,0.5950955347659036,0.9276920557022096,0.293804,0,0.332596520936306
1,Facenet512,vggface2_pairs,dodging_attack,Facenet512,ATT,0.1480252998052217,0.822794497013092,0.35762,1,0.6747691972078703
4,Facenet512,vggface2_pairs,dodging_attack,Facenet512,ATT,-0.2181677775776972,0.52094566822052,0.35762,1,0.7391134457982173
7,Facenet512,vggface2_pairs,dodging_attack,Facenet512,ATT,0.2428381099563767,0.6818405389785767,0.35762,1,0.4390024290222
10,Facenet512,vggface2_pairs,dodging_attack,Facenet512,ATT,0.3827710191028534,0.7888361215591431,0.35762,0,0.4060651024562897
11,Facenet512,vggface2_pairs,dodging_attack,Facenet512,ATT,-0.0877377253491841,0.7133797407150269,0.35762,1,0.801117466064211
0,GhostFaceNet,lfw_pairs,impersonation_attack,Facenet512,ATT,0.2814835359237271,0.2037829756736755,0.306555,0,0.07770056025005159
32,GhostFaceNet,lfw_pairs,impersonation_attack,Facenet512,ATT,0.306173653336886,0.0512039996683597,0.306555,0,0.2549696536685263
48,GhostFaceNet,lfw_pairs,impersonation_attack,Facenet512,ATT,-0.1627202503452906,-0.1588931530714035,0.306555,0,-0.003827097273887109
57,GhostFaceNet,lfw_pairs,impersonation_attack,Facenet512,ATT,0.3375397712600976,0.1256765872240066,0.306555,1,0.211863184036091
60,GhostFaceNet,lfw_pairs,impersonation_attack,Facenet512,ATT,0.3169617443672942,0.1686835289001464,0.306555,1,0.14827821546714778
2,GhostFaceNet,celeba_pairs,impersonation_attack,Facenet512,ATT,-0.0043012582953449,0.0810722559690475,0.293804,0,-0.08537351426439241
8,GhostFaceNet,celeba_pairs,impersonation_attack,Facenet512,ATT,0.2238331800395636,-0.2507398426532745,0.293804,0,0.4745730226928381
12,GhostFaceNet,celeba_pairs,impersonation_attack,Facenet512,ATT,0.2378569741411197,0.0975427031517028,0.293804,0,0.1403142709894169
26,GhostFaceNet,celeba_pairs,impersonation_attack,Facenet512,ATT,-0.0978957202853635,-0.209015667438507,0.293804,0,0.1111199471531435
34,GhostFaceNet,celeba_pairs,impersonation_attack,Facenet512,ATT,0.1469782961969891,0.0368540957570076,0.293804,0,0.1101242004399815
3,GhostFaceNet,vggface2_pairs,impersonation_attack,Facenet512,ATT,0.0378321524870035,0.0153017658740282,0.35762,0,0.022530386612975302
5,GhostFaceNet,vggface2_pairs,impersonation_attack,Facenet512,ATT,-0.0671079019065403,-0.0816236436367034,0.35762,0,0.014515741730163095
17,GhostFaceNet,vggface2_pairs,impersonation_attack,Facenet512,ATT,0.2653378722332591,-0.0131816901266574,0.35762,0,0.2785195623599165
19,GhostFaceNet,vggface2_pairs,impersonation_attack,Facenet512,ATT,-0.072118143273171,0.0531447790563106,0.35762,0,-0.1252629223294816
21,GhostFaceNet,vggface2_pairs,impersonation_attack,Facenet512,ATT,-0.0321739236709059,-0.2023607045412063,0.35762,0,0.1701867808703004
6,GhostFaceNet,lfw_pairs,dodging_attack,Facenet512,ATT,0.5376819461947556,0.7516776323318481,0.306555,0,0.21399568613709252
9,GhostFaceNet,lfw_pairs,dodging_attack,Facenet512,ATT,0.8197943473950845,0.8218121528625488,0.306555,0,0.0020178054674643287
15,GhostFaceNet,lfw_pairs,dodging_attack,Facenet512,ATT,0.4563694213325474,0.6876072287559509,0.306555,0,0.23123780742340355
16,GhostFaceNet,lfw_pairs,dodging_attack,Facenet512,ATT,0.7967521072862181,0.7765311598777771,0.306555,0,-0.020220947408441048
23,GhostFaceNet,lfw_pairs,dodging_attack,Facenet512,ATT,0.6369947504301853,0.7583963871002197,0.306555,0,0.12140163667003445
18,GhostFaceNet,celeba_pairs,dodging_attack,Facenet512,ATT,0.4907758152894889,0.7128064632415771,0.293804,0,0.22203064795208827
27,GhostFaceNet,celeba_pairs,dodging_attack,Facenet512,ATT,0.6071169630510667,0.8734109401702881,0.293804,0,0.2662939771192214
28,GhostFaceNet,celeba_pairs,dodging_attack,Facenet512,ATT,0.7210235443226267,0.7959234714508057,0.293804,0,0.07489992712817894
30,GhostFaceNet,celeba_pairs,dodging_attack,Facenet512,ATT,0.4316282722457386,0.7042645215988159,0.293804,0,0.27263624935307734
33,GhostFaceNet,celeba_pairs,dodging_attack,Facenet512,ATT,0.8376704528481241,0.9276920557022096,0.293804,0,0.09002160285408545
1,GhostFaceNet,vggface2_pairs,dodging_attack,Facenet512,ATT,0.7490812156400656,0.822794497013092,0.35762,0,0.07371328137302646
4,GhostFaceNet,vggface2_pairs,dodging_attack,Facenet512,ATT,0.2522947499808454,0.52094566822052,0.35762,1,0.26865091823967463
7,GhostFaceNet,vggface2_pairs,dodging_attack,Facenet512,ATT,0.486350579934354,0.6818405389785767,0.35762,0,0.19548995904422267
10,GhostFaceNet,vggface2_pairs,dodging_attack,Facenet512,ATT,0.7530528007512126,0.7888361215591431,0.35762,0,0.03578332080793045
11,GhostFaceNet,vggface2_pairs,dodging_attack,Facenet512,ATT,0.4084852604255841,0.7133797407150269,0.35762,0,0.30489448028944277
0,VGG-Face,lfw_pairs,impersonation_attack,Facenet512,ATT,0.571620243360545,0.2037829756736755,0.306555,1,0.3678372676868694
32,VGG-Face,lfw_pairs,impersonation_attack,Facenet512,ATT,0.4976553421707759,0.0512039996683597,0.306555,1,0.4464513425024162
48,VGG-Face,lfw_pairs,impersonation_attack,Facenet512,ATT,0.035904296773063,-0.1588931530714035,0.306555,0,0.1947974498444665
57,VGG-Face,lfw_pairs,impersonation_attack,Facenet512,ATT,0.4968337846124601,0.1256765872240066,0.306555,1,0.3711571973884535
60,VGG-Face,lfw_pairs,impersonation_attack,Facenet512,ATT,0.5487566681592468,0.1686835289001464,0.306555,1,0.38007313925910047
2,VGG-Face,celeba_pairs,impersonation_attack,Facenet512,ATT,0.2746141508056086,0.0810722559690475,0.293804,0,0.1935418948365611
8,VGG-Face,celeba_pairs,impersonation_attack,Facenet512,ATT,0.2587629090795517,-0.2507398426532745,0.293804,0,0.5095027517328261
12,VGG-Face,celeba_pairs,impersonation_attack,Facenet512,ATT,0.4075550043192553,0.0975427031517028,0.293804,1,0.3100123011675525
26,VGG-Face,celeba_pairs,impersonation_attack,Facenet512,ATT,0.1313553688472446,-0.209015667438507,0.293804,0,0.3403710362857516
34,VGG-Face,celeba_pairs,impersonation_attack,Facenet512,ATT,0.6512007140179241,0.0368540957570076,0.293804,1,0.6143466182609165
3,VGG-Face,vggface2_pairs,impersonation_attack,Facenet512,ATT,0.2494905662512889,0.0153017658740282,0.35762,0,0.2341888003772607
5,VGG-Face,vggface2_pairs,impersonation_attack,Facenet512,ATT,0.2158269427727184,-0.0816236436367034,0.35762,0,0.2974505864094218
17,VGG-Face,vggface2_pairs,impersonation_attack,Facenet512,ATT,0.506307762946824,-0.0131816901266574,0.35762,1,0.5194894530734814
19,VGG-Face,vggface2_pairs,impersonation_attack,Facenet512,ATT,0.0775377762415274,0.0531447790563106,0.35762,0,0.0243929971852168
21,VGG-Face,vggface2_pairs,impersonation_attack,Facenet512,ATT,0.0754373829193025,-0.2023607045412063,0.35762,0,0.2777980874605088
6,VGG-Face,lfw_pairs,dodging_attack,Facenet512,ATT,0.1441783395887062,0.7516776323318481,0.306555,1,0.607499292743142
9,VGG-Face,lfw_pairs,dodging_attack,Facenet512,ATT,0.7157446565718335,0.8218121528625488,0.306555,0,0.10606749629071532
15,VGG-Face,lfw_pairs,dodging_attack,Facenet512,ATT,0.0752335260362011,0.6876072287559509,0.306555,1,0.6123737027197498
16,VGG-Face,lfw_pairs,dodging_attack,Facenet512,ATT,0.0626235603311713,0.7765311598777771,0.306555,1,0.7139075995466058
23,VGG-Face,lfw_pairs,dodging_attack,Facenet512,ATT,0.4491178544465341,0.7583963871002197,0.306555,0,0.3092785326536856
18,VGG-Face,celeba_pairs,dodging_attack,Facenet512,ATT,0.2842190884553116,0.7128064632415771,0.293804,1,0.4285873747862656
27,VGG-Face,celeba_pairs,dodging_attack,Facenet512,ATT,0.3657106639741524,0.8734109401702881,0.293804,0,0.5077002761961357
28,VGG-Face,celeba_pairs,dodging_attack,Facenet512,ATT,0.4509660587834833,0.7959234714508057,0.293804,0,0.3449574126673224
30,VGG-Face,celeba_pairs,dodging_attack,Facenet512,ATT,0.114890733975988,0.7042645215988159,0.293804,1,0.5893737876228279
33,VGG-Face,celeba_pairs,dodging_attack,Facenet512,ATT,0.6387789150638569,0.9276920557022096,0.293804,0,0.2889131406383527
1,VGG-Face,vggface2_pairs,dodging_attack,Facenet512,ATT,-0.0495532006857237,0.822794497013092,0.35762,1,0.8723476976988157
4,VGG-Face,vggface2_pairs,dodging_attack,Facenet512,ATT,0.0617837476095738,0.52094566822052,0.35762,1,0.45916192061094624
7,VGG-Face,vggface2_pairs,dodging_attack,Facenet512,ATT,0.2681118748058139,0.6818405389785767,0.35762,1,0.4137286641727628
10,VGG-Face,vggface2_pairs,dodging_attack,Facenet512,ATT,0.4884407859827178,0.7888361215591431,0.35762,0,0.3003953355764253
11,VGG-Face,vggface2_pairs,dodging_attack,Facenet512,ATT,-0.0321086815082492,0.7133797407150269,0.35762,1,0.745488422223276
0,ArcFace,lfw_pairs,impersonation_attack,GhostFaceNet,ATT,0.1328314270575427,0.0863346979022026,0.275587,0,0.04649672915534009
32,ArcFace,lfw_pairs,impersonation_attack,GhostFaceNet,ATT,0.1290217788452936,0.1127871796488761,0.275587,0,0.016234599196417482
48,ArcFace,lfw_pairs,impersonation_attack,GhostFaceNet,ATT,0.0600576080613635,0.2053941190242767,0.275587,0,-0.1453365109629132
57,ArcFace,lfw_pairs,impersonation_attack,GhostFaceNet,ATT,0.1312356401919724,-0.0247819721698761,0.275587,0,0.1560176123618485
60,ArcFace,lfw_pairs,impersonation_attack,GhostFaceNet,ATT,0.0468774039153359,-0.0150017626583576,0.275587,0,0.0618791665736935
2,ArcFace,celeba_pairs,impersonation_attack,GhostFaceNet,ATT,0.2292460171827886,-0.0021720379590988,0.163008,1,0.23141805514188737
8,ArcFace,celeba_pairs,impersonation_attack,GhostFaceNet,ATT,0.0972156697978006,-0.0084188310429453,0.163008,0,0.1056345008407459
12,ArcFace,celeba_pairs,impersonation_attack,GhostFaceNet,ATT,0.1035781483505732,-0.1018042936921119,0.163008,0,0.2053824420426851
26,ArcFace,celeba_pairs,impersonation_attack,GhostFaceNet,ATT,0.1072999933443294,0.0292761120945215,0.163008,0,0.07802388124980789
34,ArcFace,celeba_pairs,impersonation_attack,GhostFaceNet,ATT,0.2810886141009307,0.0291804745793342,0.163008,1,0.2519081395215965
3,ArcFace,vggface2_pairs,impersonation_attack,GhostFaceNet,ATT,0.1618498913737078,0.0733531713485717,0.254338,0,0.08849672002513612
5,ArcFace,vggface2_pairs,impersonation_attack,GhostFaceNet,ATT,0.2040516161952852,0.1116373091936111,0.254338,0,0.09241430700167409
17,ArcFace,vggface2_pairs,impersonation_attack,GhostFaceNet,ATT,0.1460202543270144,-0.0316651351749897,0.254338,0,0.1776853895020041
19,ArcFace,vggface2_pairs,impersonation_attack,GhostFaceNet,ATT,0.0365358966930851,0.0520271658897399,0.254338,0,-0.015491269196654799
21,ArcFace,vggface2_pairs,impersonation_attack,GhostFaceNet,ATT,0.1909240463914993,0.0400891341269016,0.254338,0,0.1508349122645977
6,ArcFace,lfw_pairs,dodging_attack,GhostFaceNet,ATT,0.1032667991803168,0.5260540843009949,0.275587,1,0.4227872851206781
9,ArcFace,lfw_pairs,dodging_attack,GhostFaceNet,ATT,0.2172596707388396,0.1963736414909362,0.275587,1,-0.020886029247903393
15,ArcFace,lfw_pairs,dodging_attack,GhostFaceNet,ATT,0.2311987689558299,0.3439280986785888,0.275587,1,0.11272932972275893
16,ArcFace,lfw_pairs,dodging_attack,GhostFaceNet,ATT,0.1943235187157386,0.2969561815261841,0.275587,1,0.10263266281044547
23,ArcFace,lfw_pairs,dodging_attack,GhostFaceNet,ATT,0.2193247869190577,0.2230295687913894,0.275587,1,0.003704781872331697
18,ArcFace,celeba_pairs,dodging_attack,GhostFaceNet,ATT,0.4496908017601447,0.6571601629257202,0.163008,0,0.20746936116557552
27,ArcFace,celeba_pairs,dodging_attack,GhostFaceNet,ATT,0.4934858563241599,0.5224040746688843,0.163008,0,0.028918218344724356
28,ArcFace,celeba_pairs,dodging_attack,GhostFaceNet,ATT,0.2956323414011796,0.3263397514820099,0.163008,0,0.030707410080830277
30,ArcFace,celeba_pairs,dodging_attack,GhostFaceNet,ATT,0.2813877827426131,0.4335529208183288,0.163008,0,0.1521651380757157
33,ArcFace,celeba_pairs,dodging_attack,GhostFaceNet,ATT,0.2049972572610034,0.7139385342597961,0.163008,0,0.5089412769987928
1,ArcFace,vggface2_pairs,dodging_attack,GhostFaceNet,ATT,0.2766279283181727,0.372836709022522,0.254338,0,0.0962087807043493
4,ArcFace,vggface2_pairs,dodging_attack,GhostFaceNet,ATT,-0.0015007851110523,0.0382209010422229,0.254338,1,0.0397216861532752
7,ArcFace,vggface2_pairs,dodging_attack,GhostFaceNet,ATT,0.1709828319744706,0.3731428980827331,0.254338,1,0.2021600661082625
10,ArcFace,vggface2_pairs,dodging_attack,GhostFaceNet,ATT,0.3076239656106068,0.4006913900375366,0.254338,0,0.09306742442692983
11,ArcFace,vggface2_pairs,dodging_attack,GhostFaceNet,ATT,0.2916189368210149,0.1519617438316345,0.254338,0,-0.13965719298938042
0,Facenet512,lfw_pairs,impersonation_attack,GhostFaceNet,ATT,0.0897551187247628,0.0863346979022026,0.275587,0,0.003420420822560194
32,Facenet512,lfw_pairs,impersonation_attack,GhostFaceNet,ATT,0.1388986933214919,0.1127871796488761,0.275587,0,0.0261115136726158
48,Facenet512,lfw_pairs,impersonation_attack,GhostFaceNet,ATT,0.1020854562022661,0.2053941190242767,0.275587,0,-0.10330866282201061
57,Facenet512,lfw_pairs,impersonation_attack,GhostFaceNet,ATT,0.1545153375203521,-0.0247819721698761,0.275587,0,0.1792973096902282
60,Facenet512,lfw_pairs,impersonation_attack,GhostFaceNet,ATT,0.0090582511441718,-0.0150017626583576,0.275587,0,0.0240600138025294
2,Facenet512,celeba_pairs,impersonation_attack,GhostFaceNet,ATT,0.2700074271370938,-0.0021720379590988,0.163008,1,0.2721794650961926
8,Facenet512,celeba_pairs,impersonation_attack,GhostFaceNet,ATT,0.1685123730784812,-0.0084188310429453,0.163008,1,0.1769312041214265
12,Facenet512,celeba_pairs,impersonation_attack,GhostFaceNet,ATT,0.1205329058852127,-0.1018042936921119,0.163008,0,0.22233719957732462
26,Facenet512,celeba_pairs,impersonation_attack,GhostFaceNet,ATT,0.0750889288586544,0.0292761120945215,0.163008,0,0.045812816764132895
34,Facenet512,celeba_pairs,impersonation_attack,GhostFaceNet,ATT,0.2854943829696588,0.0291804745793342,0.163008,1,0.2563139083903246
3,Facenet512,vggface2_pairs,impersonation_attack,GhostFaceNet,ATT,0.1638685338711158,0.0733531713485717,0.254338,0,0.09051536252254411
5,Facenet512,vggface2_pairs,impersonation_attack,GhostFaceNet,ATT,0.1737917325175373,0.1116373091936111,0.254338,0,0.06215442332392619
17,Facenet512,vggface2_pairs,impersonation_attack,GhostFaceNet,ATT,0.1852079993381296,-0.0316651351749897,0.254338,0,0.2168731345131193
19,Facenet512,vggface2_pairs,impersonation_attack,GhostFaceNet,ATT,-0.0085537824541764,0.0520271658897399,0.254338,0,-0.0605809483439163
21,Facenet512,vggface2_pairs,impersonation_attack,GhostFaceNet,ATT,0.1800222928512494,0.0400891341269016,0.254338,0,0.1399331587243478
6,Facenet512,lfw_pairs,dodging_attack,GhostFaceNet,ATT,0.2084936388382334,0.5260540843009949,0.275587,1,0.31756044546276146
9,Facenet512,lfw_pairs,dodging_attack,GhostFaceNet,ATT,0.1845316284295451,0.1963736414909362,0.275587,1,0.011842013061391099
15,Facenet512,lfw_pairs,dodging_attack,GhostFaceNet,ATT,0.1585821285939688,0.3439280986785888,0.275587,1,0.18534597008462
16,Facenet512,lfw_pairs,dodging_attack,GhostFaceNet,ATT,0.1981968024890415,0.2969561815261841,0.275587,1,0.09875937903714258
23,Facenet512,lfw_pairs,dodging_attack,GhostFaceNet,ATT,0.2815189269904133,0.2230295687913894,0.275587,0,-0.0584893581990239
18,Facenet512,celeba_pairs,dodging_attack,GhostFaceNet,ATT,0.4205386567267979,0.6571601629257202,0.163008,0,0.2366215061989223
27,Facenet512,celeba_pairs,dodging_attack,GhostFaceNet,ATT,0.4317610570372898,0.5224040746688843,0.163008,0,0.09064301763159449
28,Facenet512,celeba_pairs,dodging_attack,GhostFaceNet,ATT,0.225279135140507,0.3263397514820099,0.163008,0,0.1010606163415029
30,Facenet512,celeba_pairs,dodging_attack,GhostFaceNet,ATT,0.2940620937336674,0.4335529208183288,0.163008,0,0.13949082708466143
33,Facenet512,celeba_pairs,dodging_attack,GhostFaceNet,ATT,0.3181977083261597,0.7139385342597961,0.163008,0,0.39574082593363646
1,Facenet512,vggface2_pairs,dodging_attack,GhostFaceNet,ATT,0.1745621288364019,0.372836709022522,0.254338,1,0.19827458018612007
4,Facenet512,vggface2_pairs,dodging_attack,GhostFaceNet,ATT,0.0240900668584897,0.0382209010422229,0.254338,1,0.0141308341837332
7,Facenet512,vggface2_pairs,dodging_attack,GhostFaceNet,ATT,0.1975364418714967,0.3731428980827331,0.254338,1,0.1756064562112364
10,Facenet512,vggface2_pairs,dodging_attack,GhostFaceNet,ATT,0.3454574809359144,0.4006913900375366,0.254338,0,0.055233909101622236
11,Facenet512,vggface2_pairs,dodging_attack,GhostFaceNet,ATT,0.3282803898197716,0.1519617438316345,0.254338,0,-0.1763186459881371
0,GhostFaceNet,lfw_pairs,impersonation_attack,GhostFaceNet,ATT,0.0990694496783266,0.0863346979022026,0.275587,0,0.012734751776123987
32,GhostFaceNet,lfw_pairs,impersonation_attack,GhostFaceNet,ATT,0.2508644547109637,0.1127871796488761,0.275587,0,0.13807727506208758
48,GhostFaceNet,lfw_pairs,impersonation_attack,GhostFaceNet,ATT,0.0171372397442481,0.2053941190242767,0.275587,0,-0.1882568792800286
57,GhostFaceNet,lfw_pairs,impersonation_attack,GhostFaceNet,ATT,0.0826526171505708,-0.0247819721698761,0.275587,0,0.1074345893204469
60,GhostFaceNet,lfw_pairs,impersonation_attack,GhostFaceNet,ATT,0.0630105030711681,-0.0150017626583576,0.275587,0,0.07801226572952569
2,GhostFaceNet,celeba_pairs,impersonation_attack,GhostFaceNet,ATT,0.1253057459447034,-0.0021720379590988,0.163008,0,0.12747778390380218
8,GhostFaceNet,celeba_pairs,impersonation_attack,GhostFaceNet,ATT,0.3276319967696051,-0.0084188310429453,0.163008,1,0.33605082781255036
12,GhostFaceNet,celeba_pairs,impersonation_attack,GhostFaceNet,ATT,0.2296693516672425,-0.1018042936921119,0.163008,1,0.3314736453593544
26,GhostFaceNet,celeba_pairs,impersonation_attack,GhostFaceNet,ATT,0.1046562018514764,0.0292761120945215,0.163008,0,0.0753800897569549
34,GhostFaceNet,celeba_pairs,impersonation_attack,GhostFaceNet,ATT,0.1882942750845513,0.0291804745793342,0.163008,1,0.1591138005052171
3,GhostFaceNet,vggface2_pairs,impersonation_attack,GhostFaceNet,ATT,0.3298566767536926,0.0733531713485717,0.254338,1,0.2565035054051209
5,GhostFaceNet,vggface2_pairs,impersonation_attack,GhostFaceNet,ATT,0.3071104705257979,0.1116373091936111,0.254338,1,0.19547316133218678
17,GhostFaceNet,vggface2_pairs,impersonation_attack,GhostFaceNet,ATT,0.0998302322275507,-0.0316651351749897,0.254338,0,0.13149536740254042
19,GhostFaceNet,vggface2_pairs,impersonation_attack,GhostFaceNet,ATT,0.0514871625050851,0.0520271658897399,0.254338,0,-0.0005400033846547983
21,GhostFaceNet,vggface2_pairs,impersonation_attack,GhostFaceNet,ATT,0.1761242440514636,0.0400891341269016,0.254338,0,0.136035109924562
6,GhostFaceNet,lfw_pairs,dodging_attack,GhostFaceNet,ATT,0.1698204094303208,0.5260540843009949,0.275587,1,0.35623367487067403
9,GhostFaceNet,lfw_pairs,dodging_attack,GhostFaceNet,ATT,0.2661995172669697,0.1963736414909362,0.275587,1,-0.06982587577603352
15,GhostFaceNet,lfw_pairs,dodging_attack,GhostFaceNet,ATT,0.2746073137028657,0.3439280986785888,0.275587,1,0.06932078497572314
16,GhostFaceNet,lfw_pairs,dodging_attack,GhostFaceNet,ATT,0.2517356641725496,0.2969561815261841,0.275587,1,0.04522051735363447
23,GhostFaceNet,lfw_pairs,dodging_attack,GhostFaceNet,ATT,0.3581218495205799,0.2230295687913894,0.275587,0,-0.1350922807291905
18,GhostFaceNet,celeba_pairs,dodging_attack,GhostFaceNet,ATT,0.3026792670175862,0.6571601629257202,0.163008,0,0.35448089590813403
27,GhostFaceNet,celeba_pairs,dodging_attack,GhostFaceNet,ATT,0.3909661495781701,0.5224040746688843,0.163008,0,0.13143792509071417
28,GhostFaceNet,celeba_pairs,dodging_attack,GhostFaceNet,ATT,0.2786433863039027,0.3263397514820099,0.163008,0,0.047696365178107214
30,GhostFaceNet,celeba_pairs,dodging_attack,GhostFaceNet,ATT,0.0106745916326583,0.4335529208183288,0.163008,1,0.4228783291856705
33,GhostFaceNet,celeba_pairs,dodging_attack,GhostFaceNet,ATT,0.1554047431489184,0.7139385342597961,0.163008,1,0.5585337911108778
1,GhostFaceNet,vggface2_pairs,dodging_attack,GhostFaceNet,ATT,0.1836742606158543,0.372836709022522,0.254338,1,0.18916244840666768
4,GhostFaceNet,vggface2_pairs,dodging_attack,GhostFaceNet,ATT,-0.000820179153312,0.0382209010422229,0.254338,1,0.0390410801955349
7,GhostFaceNet,vggface2_pairs,dodging_attack,GhostFaceNet,ATT,0.2636701599099551,0.3731428980827331,0.254338,0,0.10947273817277797
10,GhostFaceNet,vggface2_pairs,dodging_attack,GhostFaceNet,ATT,0.3143468453560937,0.4006913900375366,0.254338,0,0.08634454468144293
11,GhostFaceNet,vggface2_pairs,dodging_attack,GhostFaceNet,ATT,0.1812500089392562,0.1519617438316345,0.254338,1,-0.029288265107621697
0,VGG-Face,lfw_pairs,impersonation_attack,GhostFaceNet,ATT,-0.0792670753556096,0.0863346979022026,0.275587,0,-0.16560177325781222
32,VGG-Face,lfw_pairs,impersonation_attack,GhostFaceNet,ATT,0.1415072407907079,0.1127871796488761,0.275587,0,0.028720061141831787
48,VGG-Face,lfw_pairs,impersonation_attack,GhostFaceNet,ATT,0.0828970108646659,0.2053941190242767,0.275587,0,-0.1224971081596108
57,VGG-Face,lfw_pairs,impersonation_attack,GhostFaceNet,ATT,0.1896534986720739,-0.0247819721698761,0.275587,0,0.21443547084195
60,VGG-Face,lfw_pairs,impersonation_attack,GhostFaceNet,ATT,0.0664688485567514,-0.0150017626583576,0.275587,0,0.08147061121510901
2,VGG-Face,celeba_pairs,impersonation_attack,GhostFaceNet,ATT,0.2844040061930538,-0.0021720379590988,0.163008,1,0.2865760441521526
8,VGG-Face,celeba_pairs,impersonation_attack,GhostFaceNet,ATT,0.1128422488546178,-0.0084188310429453,0.163008,0,0.1212610798975631
12,VGG-Face,celeba_pairs,impersonation_attack,GhostFaceNet,ATT,0.0617758909867963,-0.1018042936921119,0.163008,0,0.1635801846789082
26,VGG-Face,celeba_pairs,impersonation_attack,GhostFaceNet,ATT,0.1340822535196451,0.0292761120945215,0.163008,0,0.1048061414251236
34,VGG-Face,celeba_pairs,impersonation_attack,GhostFaceNet,ATT,0.3301768884709072,0.0291804745793342,0.163008,1,0.300996413891573
3,VGG-Face,vggface2_pairs,impersonation_attack,GhostFaceNet,ATT,0.1597987310896822,0.0733531713485717,0.254338,0,0.08644555974111051
5,VGG-Face,vggface2_pairs,impersonation_attack,GhostFaceNet,ATT,0.0868130889146141,0.1116373091936111,0.254338,0,-0.024824220278997
17,VGG-Face,vggface2_pairs,impersonation_attack,GhostFaceNet,ATT,0.2114068442857302,-0.0316651351749897,0.254338,0,0.2430719794607199
19,VGG-Face,vggface2_pairs,impersonation_attack,GhostFaceNet,ATT,0.0966808491514776,0.0520271658897399,0.254338,0,0.044653683261737694
21,VGG-Face,vggface2_pairs,impersonation_attack,GhostFaceNet,ATT,0.1857736630927159,0.0400891341269016,0.254338,0,0.1456845289658143
6,VGG-Face,lfw_pairs,dodging_attack,GhostFaceNet,ATT,0.194286321656259,0.5260540843009949,0.275587,1,0.33176776264473584
9,VGG-Face,lfw_pairs,dodging_attack,GhostFaceNet,ATT,0.2110118022689488,0.1963736414909362,0.275587,1,-0.01463816077801261
15,VGG-Face,lfw_pairs,dodging_attack,GhostFaceNet,ATT,0.2303237603895764,0.3439280986785888,0.275587,1,0.11360433828901242
16,VGG-Face,lfw_pairs,dodging_attack,GhostFaceNet,ATT,-0.0542258978401658,0.2969561815261841,0.275587,1,0.3511820793663499
23,VGG-Face,lfw_pairs,dodging_attack,GhostFaceNet,ATT,0.2478904264595951,0.2230295687913894,0.275587,1,-0.0248608576682057
18,VGG-Face,celeba_pairs,dodging_attack,GhostFaceNet,ATT,0.2928500000292571,0.6571601629257202,0.163008,0,0.3643101628964631
27,VGG-Face,celeba_pairs,dodging_attack,GhostFaceNet,ATT,0.3614527765540454,0.5224040746688843,0.163008,0,0.16095129811483888
28,VGG-Face,celeba_pairs,dodging_attack,GhostFaceNet,ATT,0.2215473499889221,0.3263397514820099,0.163008,0,0.1047924014930878
30,VGG-Face,celeba_pairs,dodging_attack,GhostFaceNet,ATT,0.2443329911778786,0.4335529208183288,0.163008,0,0.1892199296404502
33,VGG-Face,celeba_pairs,dodging_attack,GhostFaceNet,ATT,0.1754436650315486,0.7139385342597961,0.163008,0,0.5384948692282475
1,VGG-Face,vggface2_pairs,dodging_attack,GhostFaceNet,ATT,0.2385620389175589,0.372836709022522,0.254338,1,0.13427467010496308
4,VGG-Face,vggface2_pairs,dodging_attack,GhostFaceNet,ATT,0.0116373298864666,0.0382209010422229,0.254338,1,0.0265835711557563
7,VGG-Face,vggface2_pairs,dodging_attack,GhostFaceNet,ATT,0.1729702570194352,0.3731428980827331,0.254338,1,0.2001726410632979
10,VGG-Face,vggface2_pairs,dodging_attack,GhostFaceNet,ATT,0.2733642993733777,0.4006913900375366,0.254338,0,0.12732709066415893
11,VGG-Face,vggface2_pairs,dodging_attack,GhostFaceNet,ATT,0.1666606146538524,0.1519617438316345,0.254338,1,-0.014698870822217908
0,ArcFace,lfw_pairs,impersonation_attack,VGG-Face,ATT,0.3841955659695929,0.091720625758171,0.225549,1,0.29247494021142195
32,ArcFace,lfw_pairs,impersonation_attack,VGG-Face,ATT,0.382089993116509,0.1673976480960846,0.225549,1,0.2146923450204244
48,ArcFace,lfw_pairs,impersonation_attack,VGG-Face,ATT,0.1635344937454033,0.0496263392269611,0.225549,0,0.11390815451844219
57,ArcFace,lfw_pairs,impersonation_attack,VGG-Face,ATT,0.3953690570323697,0.1559331864118576,0.225549,1,0.23943587062051208
60,ArcFace,lfw_pairs,impersonation_attack,VGG-Face,ATT,0.1794908529089185,0.0474243052303791,0.225549,0,0.1320665476785394
2,ArcFace,celeba_pairs,impersonation_attack,VGG-Face,ATT,0.27934680293775,0.0735538974404335,0.21808,1,0.2057929054973165
8,ArcFace,celeba_pairs,impersonation_attack,VGG-Face,ATT,0.2229174160572851,0.0741820037364959,0.21808,1,0.14873541232078918
12,ArcFace,celeba_pairs,impersonation_attack,VGG-Face,ATT,0.1354504958106043,0.0685250088572502,0.21808,0,0.06692548695335411
26,ArcFace,celeba_pairs,impersonation_attack,VGG-Face,ATT,0.0717741636692956,0.0275699980556964,0.21808,0,0.04420416561359919
34,ArcFace,celeba_pairs,impersonation_attack,VGG-Face,ATT,0.2030492556819672,0.1489525586366653,0.21808,0,0.0540966970453019
3,ArcFace,vggface2_pairs,impersonation_attack,VGG-Face,ATT,0.1481028980066033,0.0580454058945179,0.24077,0,0.09005749211208541
5,ArcFace,vggface2_pairs,impersonation_attack,VGG-Face,ATT,0.0556994808138477,0.0456396713852882,0.24077,0,0.010059809428559503
17,ArcFace,vggface2_pairs,impersonation_attack,VGG-Face,ATT,0.2776387325951229,0.1219722479581832,0.24077,1,0.1556664846369397
19,ArcFace,vggface2_pairs,impersonation_attack,VGG-Face,ATT,0.1934288911606167,0.056086029857397,0.24077,0,0.1373428613032197
21,ArcFace,vggface2_pairs,impersonation_attack,VGG-Face,ATT,0.0903318809002395,0.064671903848648,0.24077,0,0.025659977051591495
6,ArcFace,lfw_pairs,dodging_attack,VGG-Face,ATT,0.3520606793672325,0.5950594544410706,0.225549,0,0.24299877507383805
9,ArcFace,lfw_pairs,dodging_attack,VGG-Face,ATT,0.4243533105596843,0.5179383754730225,0.225549,0,0.09358506491333818
15,ArcFace,lfw_pairs,dodging_attack,VGG-Face,ATT,0.5278459193100098,0.529694676399231,0.225549,0,0.0018487570892211647
16,ArcFace,lfw_pairs,dodging_attack,VGG-Face,ATT,0.3952872226124905,0.4387425184249878,0.225549,0,0.0434552958124973
23,ArcFace,lfw_pairs,dodging_attack,VGG-Face,ATT,0.4966371435959008,0.5580029487609863,0.225549,0,0.06136580516508555
18,ArcFace,celeba_pairs,dodging_attack,VGG-Face,ATT,0.3341791292477995,0.5854153633117676,0.21808,0,0.25123623406396806
27,ArcFace,celeba_pairs,dodging_attack,VGG-Face,ATT,0.2935791525670749,0.3985179960727691,0.21808,0,0.10493884350569421
28,ArcFace,celeba_pairs,dodging_attack,VGG-Face,ATT,0.6022605399413592,0.5354241728782654,0.21808,0,-0.06683636706309382
30,ArcFace,celeba_pairs,dodging_attack,VGG-Face,ATT,0.114698704616031,0.2953174710273742,0.21808,1,0.18061876641134322
33,ArcFace,celeba_pairs,dodging_attack,VGG-Face,ATT,0.5990322716055468,0.7581580877304077,0.21808,0,0.15912581612486087
1,ArcFace,vggface2_pairs,dodging_attack,VGG-Face,ATT,0.2346899517774743,0.4813993573188782,0.24077,1,0.2467094055414039
4,ArcFace,vggface2_pairs,dodging_attack,VGG-Face,ATT,0.2540364057525487,0.1985628455877304,0.24077,0,-0.0554735601648183
7,ArcFace,vggface2_pairs,dodging_attack,VGG-Face,ATT,0.1896404662703715,0.3336468935012817,0.24077,1,0.14400642723091017
10,ArcFace,vggface2_pairs,dodging_attack,VGG-Face,ATT,0.3707288235950932,0.5038790702819824,0.24077,0,0.13315024668688924
11,ArcFace,vggface2_pairs,dodging_attack,VGG-Face,ATT,0.3807607891765078,0.4585454761981964,0.24077,0,0.07778468702168861
0,Facenet512,lfw_pairs,impersonation_attack,VGG-Face,ATT,0.3458195843867441,0.091720625758171,0.225549,1,0.2540989586285731
32,Facenet512,lfw_pairs,impersonation_attack,VGG-Face,ATT,0.3313513867835471,0.1673976480960846,0.225549,1,0.1639537386874625
48,Facenet512,lfw_pairs,impersonation_attack,VGG-Face,ATT,0.1788355908629874,0.0496263392269611,0.225549,0,0.12920925163602628
57,Facenet512,lfw_pairs,impersonation_attack,VGG-Face,ATT,0.4051539600664685,0.1559331864118576,0.225549,1,0.24922077365461087
60,Facenet512,lfw_pairs,impersonation_attack,VGG-Face,ATT,0.2443518886057104,0.0474243052303791,0.225549,1,0.19692758337533128
2,Facenet512,celeba_pairs,impersonation_attack,VGG-Face,ATT,0.3889997821831175,0.0735538974404335,0.21808,1,0.315445884742684
8,Facenet512,celeba_pairs,impersonation_attack,VGG-Face,ATT,0.2429412637817196,0.0741820037364959,0.21808,1,0.16875926004522368
12,Facenet512,celeba_pairs,impersonation_attack,VGG-Face,ATT,0.185362955491669,0.0685250088572502,0.21808,0,0.11683794663441881
26,Facenet512,celeba_pairs,impersonation_attack,VGG-Face,ATT,0.0692045022938762,0.0275699980556964,0.21808,0,0.0416345042381798
34,Facenet512,celeba_pairs,impersonation_attack,VGG-Face,ATT,0.2865946309056887,0.1489525586366653,0.21808,1,0.13764207226902342
3,Facenet512,vggface2_pairs,impersonation_attack,VGG-Face,ATT,0.1236064571321351,0.0580454058945179,0.24077,0,0.0655610512376172
5,Facenet512,vggface2_pairs,impersonation_attack,VGG-Face,ATT,0.0977573097568715,0.0456396713852882,0.24077,0,0.0521176383715833
17,Facenet512,vggface2_pairs,impersonation_attack,VGG-Face,ATT,0.3291948753309961,0.1219722479581832,0.24077,1,0.2072226273728129
19,Facenet512,vggface2_pairs,impersonation_attack,VGG-Face,ATT,0.2578425826534357,0.056086029857397,0.24077,1,0.20175655279603869
21,Facenet512,vggface2_pairs,impersonation_attack,VGG-Face,ATT,0.0843770724760731,0.064671903848648,0.24077,0,0.019705168627425093
6,Facenet512,lfw_pairs,dodging_attack,VGG-Face,ATT,0.2954477888811019,0.5950594544410706,0.225549,0,0.29961166555996865
9,Facenet512,lfw_pairs,dodging_attack,VGG-Face,ATT,0.2928776176146822,0.5179383754730225,0.225549,0,0.2250607578583403
15,Facenet512,lfw_pairs,dodging_attack,VGG-Face,ATT,0.3433156676300736,0.529694676399231,0.225549,0,0.18637900876915736
16,Facenet512,lfw_pairs,dodging_attack,VGG-Face,ATT,0.341325214076747,0.4387425184249878,0.225549,0,0.09741730434824081
23,Facenet512,lfw_pairs,dodging_attack,VGG-Face,ATT,0.4464020881500786,0.5580029487609863,0.225549,0,0.11160086061090774
18,Facenet512,celeba_pairs,dodging_attack,VGG-Face,ATT,0.1842870578490457,0.5854153633117676,0.21808,1,0.4011283054627219
27,Facenet512,celeba_pairs,dodging_attack,VGG-Face,ATT,0.1983082443745104,0.3985179960727691,0.21808,1,0.20020975169825872
28,Facenet512,celeba_pairs,dodging_attack,VGG-Face,ATT,0.4482356519040238,0.5354241728782654,0.21808,0,0.08718852097424157
30,Facenet512,celeba_pairs,dodging_attack,VGG-Face,ATT,0.0569107041864439,0.2953174710273742,0.21808,1,0.23840676684093032
33,Facenet512,celeba_pairs,dodging_attack,VGG-Face,ATT,0.5513425318423425,0.7581580877304077,0.21808,0,0.20681555588806522
1,Facenet512,vggface2_pairs,dodging_attack,VGG-Face,ATT,0.2440339438705398,0.4813993573188782,0.24077,0,0.23736541344833836
4,Facenet512,vggface2_pairs,dodging_attack,VGG-Face,ATT,0.2420913665360602,0.1985628455877304,0.24077,0,-0.04352852094832979
7,Facenet512,vggface2_pairs,dodging_attack,VGG-Face,ATT,0.1271211528764505,0.3336468935012817,0.24077,1,0.20652574062483117
10,Facenet512,vggface2_pairs,dodging_attack,VGG-Face,ATT,0.3496582861814377,0.5038790702819824,0.24077,0,0.15422078410054474
11,Facenet512,vggface2_pairs,dodging_attack,VGG-Face,ATT,0.2323210054765478,0.4585454761981964,0.24077,1,0.2262244707216486
0,GhostFaceNet,lfw_pairs,impersonation_attack,VGG-Face,ATT,0.2249657128788809,0.091720625758171,0.225549,0,0.1332450871207099
32,GhostFaceNet,lfw_pairs,impersonation_attack,VGG-Face,ATT,0.2565057932369863,0.1673976480960846,0.225549,1,0.0891081451409017
48,GhostFaceNet,lfw_pairs,impersonation_attack,VGG-Face,ATT,0.0895397870433819,0.0496263392269611,0.225549,0,0.039913447816420804
57,GhostFaceNet,lfw_pairs,impersonation_attack,VGG-Face,ATT,0.2710756197973948,0.1559331864118576,0.225549,1,0.1151424333855372
60,GhostFaceNet,lfw_pairs,impersonation_attack,VGG-Face,ATT,0.0975615678230586,0.0474243052303791,0.225549,0,0.0501372625926795
2,GhostFaceNet,celeba_pairs,impersonation_attack,VGG-Face,ATT,0.1901683199149033,0.0735538974404335,0.21808,0,0.11661442247446979
8,GhostFaceNet,celeba_pairs,impersonation_attack,VGG-Face,ATT,0.1610945202573716,0.0741820037364959,0.21808,0,0.08691251652087569
12,GhostFaceNet,celeba_pairs,impersonation_attack,VGG-Face,ATT,0.0975514403092317,0.0685250088572502,0.21808,0,0.0290264314519815
26,GhostFaceNet,celeba_pairs,impersonation_attack,VGG-Face,ATT,0.0470041718010911,0.0275699980556964,0.21808,0,0.0194341737453947
34,GhostFaceNet,celeba_pairs,impersonation_attack,VGG-Face,ATT,0.2202528320688448,0.1489525586366653,0.21808,1,0.07130027343217951
3,GhostFaceNet,vggface2_pairs,impersonation_attack,VGG-Face,ATT,0.1106986904174208,0.0580454058945179,0.24077,0,0.052653284522902896
5,GhostFaceNet,vggface2_pairs,impersonation_attack,VGG-Face,ATT,0.0801490018435584,0.0456396713852882,0.24077,0,0.034509330458270204
17,GhostFaceNet,vggface2_pairs,impersonation_attack,VGG-Face,ATT,0.1600295571597665,0.1219722479581832,0.24077,0,0.03805730920158329
19,GhostFaceNet,vggface2_pairs,impersonation_attack,VGG-Face,ATT,0.1294801534686929,0.056086029857397,0.24077,0,0.07339412361129591
21,GhostFaceNet,vggface2_pairs,impersonation_attack,VGG-Face,ATT,0.0782279574356447,0.064671903848648,0.24077,0,0.0135560535869967
6,GhostFaceNet,lfw_pairs,dodging_attack,VGG-Face,ATT,0.5535487866927166,0.5950594544410706,0.225549,0,0.04151066774835399
9,GhostFaceNet,lfw_pairs,dodging_attack,VGG-Face,ATT,0.4643473962617913,0.5179383754730225,0.225549,0,0.05359097921123118
15,GhostFaceNet,lfw_pairs,dodging_attack,VGG-Face,ATT,0.513972542572344,0.529694676399231,0.225549,0,0.01572213382688692
16,GhostFaceNet,lfw_pairs,dodging_attack,VGG-Face,ATT,0.434462641821536,0.4387425184249878,0.225549,0,0.004279876603451804
23,GhostFaceNet,lfw_pairs,dodging_attack,VGG-Face,ATT,0.5650560941804816,0.5580029487609863,0.225549,0,-0.00705314541949531
18,GhostFaceNet,celeba_pairs,dodging_attack,VGG-Face,ATT,0.3512436619927153,0.5854153633117676,0.21808,0,0.2341717013190523
27,GhostFaceNet,celeba_pairs,dodging_attack,VGG-Face,ATT,0.2800776929813762,0.3985179960727691,0.21808,0,0.11844030309139292
28,GhostFaceNet,celeba_pairs,dodging_attack,VGG-Face,ATT,0.5554299723658587,0.5354241728782654,0.21808,0,-0.02000579948759329
30,GhostFaceNet,celeba_pairs,dodging_attack,VGG-Face,ATT,0.1091041116893754,0.2953174710273742,0.21808,1,0.18621335933799882
33,GhostFaceNet,celeba_pairs,dodging_attack,VGG-Face,ATT,0.6843468782164999,0.7581580877304077,0.21808,0,0.07381120951390785
1,GhostFaceNet,vggface2_pairs,dodging_attack,VGG-Face,ATT,0.3668870995971992,0.4813993573188782,0.24077,0,0.114512257721679
4,GhostFaceNet,vggface2_pairs,dodging_attack,VGG-Face,ATT,0.2504129856387984,0.1985628455877304,0.24077,0,-0.05185014005106797
7,GhostFaceNet,vggface2_pairs,dodging_attack,VGG-Face,ATT,0.2520767973521601,0.3336468935012817,0.24077,0,0.08157009614912158
10,GhostFaceNet,vggface2_pairs,dodging_attack,VGG-Face,ATT,0.5665482014640489,0.5038790702819824,0.24077,0,-0.06266913118206652
11,GhostFaceNet,vggface2_pairs,dodging_attack,VGG-Face,ATT,0.3600245211554712,0.4585454761981964,0.24077,0,0.09852095504272523
0,VGG-Face,lfw_pairs,impersonation_attack,VGG-Face,ATT,0.6849028496571344,0.091720625758171,0.225549,1,0.5931822238989635
32,VGG-Face,lfw_pairs,impersonation_attack,VGG-Face,ATT,0.7006870631943384,0.1673976480960846,0.225549,1,0.5332894150982538
48,VGG-Face,lfw_pairs,impersonation_attack,VGG-Face,ATT,0.3656032997218318,0.0496263392269611,0.225549,1,0.31597696049487073
57,VGG-Face,lfw_pairs,impersonation_attack,VGG-Face,ATT,0.5603412034697559,0.1559331864118576,0.225549,1,0.4044080170578983
60,VGG-Face,lfw_pairs,impersonation_attack,VGG-Face,ATT,0.6024953804098234,0.0474243052303791,0.225549,1,0.5550710751794443
2,VGG-Face,celeba_pairs,impersonation_attack,VGG-Face,ATT,0.5986496317337646,0.0735538974404335,0.21808,1,0.5250957342933311
8,VGG-Face,celeba_pairs,impersonation_attack,VGG-Face,ATT,0.6494657517459653,0.0741820037364959,0.21808,1,0.5752837480094695
12,VGG-Face,celeba_pairs,impersonation_attack,VGG-Face,ATT,0.3880012638767786,0.0685250088572502,0.21808,1,0.31947625501952837
26,VGG-Face,celeba_pairs,impersonation_attack,VGG-Face,ATT,0.2159833873954636,0.0275699980556964,0.21808,0,0.1884133893397672
34,VGG-Face,celeba_pairs,impersonation_attack,VGG-Face,ATT,0.7117647263490273,0.1489525586366653,0.21808,1,0.5628121677123621
3,VGG-Face,vggface2_pairs,impersonation_attack,VGG-Face,ATT,0.4832785835749164,0.0580454058945179,0.24077,1,0.4252331776803985
5,VGG-Face,vggface2_pairs,impersonation_attack,VGG-Face,ATT,0.3281356612542018,0.0456396713852882,0.24077,1,0.2824959898689136
17,VGG-Face,vggface2_pairs,impersonation_attack,VGG-Face,ATT,0.6606835100143864,0.1219722479581832,0.24077,1,0.5387112620562032
19,VGG-Face,vggface2_pairs,impersonation_attack,VGG-Face,ATT,0.5560153579862007,0.056086029857397,0.24077,1,0.4999293281288037
21,VGG-Face,vggface2_pairs,impersonation_attack,VGG-Face,ATT,0.3381592401522555,0.064671903848648,0.24077,1,0.2734873363036075
6,VGG-Face,lfw_pairs,dodging_attack,VGG-Face,ATT,0.0499526999735604,0.5950594544410706,0.225549,1,0.5451067544675101
9,VGG-Face,lfw_pairs,dodging_attack,VGG-Face,ATT,0.1011934464117116,0.5179383754730225,0.225549,1,0.4167449290613109
15,VGG-Face,lfw_pairs,dodging_attack,VGG-Face,ATT,0.0395294353654916,0.529694676399231,0.225549,1,0.4901652410337394
16,VGG-Face,lfw_pairs,dodging_attack,VGG-Face,ATT,0.0591835322966277,0.4387425184249878,0.225549,1,0.3795589861283601
23,VGG-Face,lfw_pairs,dodging_attack,VGG-Face,ATT,0.1514880905594239,0.5580029487609863,0.225549,1,0.4065148582015624
18,VGG-Face,celeba_pairs,dodging_attack,VGG-Face,ATT,0.0367550548199045,0.5854153633117676,0.21808,1,0.5486603084918631
27,VGG-Face,celeba_pairs,dodging_attack,VGG-Face,ATT,0.0223839955918536,0.3985179960727691,0.21808,1,0.3761340004809155
28,VGG-Face,celeba_pairs,dodging_attack,VGG-Face,ATT,0.0852223453563535,0.5354241728782654,0.21808,1,0.4502018275219119
30,VGG-Face,celeba_pairs,dodging_attack,VGG-Face,ATT,0.0047395601455996,0.2953174710273742,0.21808,1,0.2905779108817746
33,VGG-Face,celeba_pairs,dodging_attack,VGG-Face,ATT,0.1361361753594435,0.7581580877304077,0.21808,1,0.6220219123709643
1,VGG-Face,vggface2_pairs,dodging_attack,VGG-Face,ATT,0.0386726228121921,0.4813993573188782,0.24077,1,0.4427267345066861
4,VGG-Face,vggface2_pairs,dodging_attack,VGG-Face,ATT,0.0559555629583725,0.1985628455877304,0.24077,1,0.1426072826293579
7,VGG-Face,vggface2_pairs,dodging_attack,VGG-Face,ATT,0.0266492798947451,0.3336468935012817,0.24077,1,0.3069976136065366
10,VGG-Face,vggface2_pairs,dodging_attack,VGG-Face,ATT,0.0664074371938804,0.5038790702819824,0.24077,1,0.437471633088102
11,VGG-Face,vggface2_pairs,dodging_attack,VGG-Face,ATT,0.0484823004655122,0.4585454761981964,0.24077,1,0.4100631757326842
